-- phpMyAdmin SQL Dump
-- version 5.2.0
-- https://www.phpmyadmin.net/
--
-- Host: 127.0.0.1:3306
-- Generation Time: Jan 27, 2024 at 09:21 PM
-- Server version: 8.0.31
-- PHP Version: 7.4.33

SET SQL_MODE = "NO_AUTO_VALUE_ON_ZERO";
START TRANSACTION;
SET time_zone = "+00:00";


/*!40101 SET @OLD_CHARACTER_SET_CLIENT=@@CHARACTER_SET_CLIENT */;
/*!40101 SET @OLD_CHARACTER_SET_RESULTS=@@CHARACTER_SET_RESULTS */;
/*!40101 SET @OLD_COLLATION_CONNECTION=@@COLLATION_CONNECTION */;
/*!40101 SET NAMES utf8mb4 */;

--
-- Database: `football`
--

-- --------------------------------------------------------

--
-- Table structure for table `matches`
--

DROP TABLE IF EXISTS `matches`;
CREATE TABLE IF NOT EXISTS `matches` (
  `match_id` int NOT NULL AUTO_INCREMENT,
  `home_team_code` char(20) DEFAULT NULL,
  `away_team_code` char(20) DEFAULT NULL,
  `home_score` int DEFAULT NULL,
  `home_xg` int DEFAULT NULL,
  `home_penalty` int DEFAULT NULL,
  `away_score` int DEFAULT NULL,
  `away_xg` int DEFAULT NULL,
  `away_penalty` int DEFAULT NULL,
  `year` int DEFAULT NULL,
  PRIMARY KEY (`match_id`),
  KEY `home_team_code` (`home_team_code`),
  KEY `away_team_code` (`away_team_code`),
  KEY `year` (`year`)
) ENGINE=MyISAM AUTO_INCREMENT=890 DEFAULT CHARSET=utf8mb4 COLLATE=utf8mb4_0900_ai_ci;

--
-- Dumping data for table `matches`
--

INSERT INTO `matches` (`match_id`, `home_team_code`, `away_team_code`, `home_score`, `home_xg`, `home_penalty`, `away_score`, `away_xg`, `away_penalty`, `year`) VALUES
(1, 'Argentina', 'France', 3, 3, 4, 3, 2, 2, 2022),
(2, 'France', 'Morocco', 2, 2, 0, 0, 1, 0, 2022),
(3, 'Argentina', 'Croatia', 3, 2, 0, 0, 1, 0, 2022),
(4, 'Morocco', 'Portugal', 1, 1, 0, 0, 1, 0, 2022),
(5, 'England', 'France', 1, 2, 0, 2, 1, 0, 2022),
(6, 'Croatia', 'Brazil', 1, 1, 4, 1, 3, 2, 2022),
(7, 'Netherlands', 'Argentina', 2, 1, 3, 2, 2, 4, 2022),
(8, 'Morocco', 'Spain', 0, 1, 3, 0, 1, 0, 2022),
(9, 'Portugal', 'Switzerland', 6, 2, 0, 1, 1, 0, 2022),
(10, 'Japan', 'Croatia', 1, 1, 1, 1, 1, 3, 2022),
(11, 'Brazil', 'Korea Republic', 4, 4, 0, 1, 1, 0, 2022),
(12, 'France', 'Poland', 3, 1, 0, 1, 2, 0, 2022),
(13, 'England', 'Senegal', 3, 1, 0, 0, 1, 0, 2022),
(14, 'Netherlands', 'United States', 3, 2, 0, 1, 2, 0, 2022),
(15, 'Argentina', 'Australia', 2, 2, 0, 1, 1, 0, 2022),
(16, 'Korea Republic', 'Portugal', 2, 2, 0, 1, 1, 0, 2022),
(17, 'Ghana', 'Uruguay', 0, 2, 0, 2, 2, 0, 2022),
(18, 'Cameroon', 'Brazil', 1, 1, 0, 0, 3, 0, 2022),
(19, 'Serbia', 'Switzerland', 2, 1, 0, 3, 3, 0, 2022),
(20, 'Canada', 'Morocco', 1, 1, 0, 2, 1, 0, 2022),
(21, 'Croatia', 'Belgium', 0, 1, 0, 0, 3, 0, 2022),
(22, 'Costa Rica', 'Germany', 2, 1, 0, 4, 6, 0, 2022),
(23, 'Japan', 'Spain', 2, 1, 0, 1, 1, 0, 2022),
(24, 'Australia', 'Denmark', 1, 1, 0, 0, 1, 0, 2022),
(25, 'Tunisia', 'France', 1, 1, 0, 0, 1, 0, 2022),
(26, 'Saudi Arabia', 'Mexico', 1, 1, 0, 2, 2, 0, 2022),
(27, 'Poland', 'Argentina', 0, 0, 0, 2, 4, 0, 2022),
(28, 'Ecuador', 'Senegal', 1, 1, 0, 2, 2, 0, 2022),
(29, 'Netherlands', 'Qatar', 2, 2, 0, 0, 0, 0, 2022),
(30, 'IR Iran', 'United States', 0, 0, 0, 1, 1, 0, 2022),
(31, 'Wales', 'England', 0, 0, 0, 3, 2, 0, 2022),
(32, 'Cameroon', 'Serbia', 3, 2, 0, 3, 2, 0, 2022),
(33, 'Korea Republic', 'Ghana', 2, 2, 0, 3, 2, 0, 2022),
(34, 'Brazil', 'Switzerland', 1, 1, 0, 0, 0, 0, 2022),
(35, 'Portugal', 'Uruguay', 2, 1, 0, 0, 1, 0, 2022),
(36, 'Japan', 'Costa Rica', 0, 1, 0, 1, 0, 0, 2022),
(37, 'Belgium', 'Morocco', 0, 1, 0, 2, 2, 0, 2022),
(38, 'Croatia', 'Canada', 4, 3, 0, 1, 0, 0, 2022),
(39, 'Spain', 'Germany', 1, 1, 0, 1, 1, 0, 2022),
(40, 'Tunisia', 'Australia', 0, 1, 0, 1, 1, 0, 2022),
(41, 'Poland', 'Saudi Arabia', 2, 2, 0, 0, 2, 0, 2022),
(42, 'France', 'Denmark', 2, 2, 0, 1, 1, 0, 2022),
(43, 'Argentina', 'Mexico', 2, 0, 0, 0, 0, 0, 2022),
(44, 'Wales', 'IR Iran', 0, 1, 0, 2, 1, 0, 2022),
(45, 'Qatar', 'Senegal', 1, 1, 0, 3, 1, 0, 2022),
(46, 'Netherlands', 'Ecuador', 1, 0, 0, 1, 2, 0, 2022),
(47, 'England', 'United States', 0, 1, 0, 0, 1, 0, 2022),
(48, 'Switzerland', 'Cameroon', 1, 1, 0, 0, 1, 0, 2022),
(49, 'Uruguay', 'Korea Republic', 0, 1, 0, 0, 1, 0, 2022),
(50, 'Portugal', 'Ghana', 3, 2, 0, 2, 1, 0, 2022),
(51, 'Brazil', 'Serbia', 2, 2, 0, 0, 0, 0, 2022),
(52, 'Morocco', 'Croatia', 0, 0, 0, 0, 1, 0, 2022),
(53, 'Germany', 'Japan', 1, 3, 0, 2, 2, 0, 2022),
(54, 'Spain', 'Costa Rica', 7, 4, 0, 0, 0, 0, 2022),
(55, 'Belgium', 'Canada', 1, 1, 0, 0, 2, 0, 2022),
(56, 'Argentina', 'Saudi Arabia', 1, 2, 0, 2, 0, 0, 2022),
(57, 'Denmark', 'Tunisia', 0, 1, 0, 0, 1, 0, 2022),
(58, 'Mexico', 'Poland', 0, 1, 0, 0, 1, 0, 2022),
(59, 'France', 'Australia', 4, 4, 0, 1, 1, 0, 2022),
(60, 'England', 'IR Iran', 6, 2, 0, 2, 1, 0, 2022),
(61, 'Senegal', 'Netherlands', 0, 1, 0, 2, 1, 0, 2022),
(62, 'United States', 'Wales', 1, 1, 0, 1, 2, 0, 2022),
(63, 'Qatar', 'Ecuador', 0, 0, 0, 2, 1, 0, 2022),
(64, 'France', 'Croatia', 4, 1, 0, 2, 1, 0, 2018),
(65, 'Belgium', 'England', 2, 2, 0, 0, 1, 0, 2018),
(66, 'Croatia', 'England', 2, 2, 0, 1, 1, 0, 2018),
(67, 'France', 'Belgium', 1, 2, 0, 0, 0, 0, 2018),
(68, 'Sweden', 'England', 0, 1, 0, 2, 1, 0, 2018),
(69, 'Russia', 'Croatia', 2, 1, 3, 2, 2, 4, 2018),
(70, 'Uruguay', 'France', 0, 1, 0, 2, 1, 0, 2018),
(71, 'Brazil', 'Belgium', 1, 3, 0, 2, 1, 0, 2018),
(72, 'Sweden', 'Switzerland', 1, 1, 0, 0, 1, 0, 2018),
(73, 'Colombia', 'England', 1, 1, 3, 1, 2, 4, 2018),
(74, 'Brazil', 'Mexico', 2, 3, 0, 0, 1, 0, 2018),
(75, 'Belgium', 'Japan', 3, 3, 0, 2, 1, 0, 2018),
(76, 'Spain', 'Russia', 1, 2, 3, 1, 1, 4, 2018),
(77, 'Croatia', 'Denmark', 1, 3, 3, 1, 1, 2, 2018),
(78, 'France', 'Argentina', 4, 2, 0, 3, 1, 0, 2018),
(79, 'Uruguay', 'Portugal', 2, 1, 0, 1, 1, 0, 2018),
(80, 'Japan', 'Poland', 0, 1, 0, 1, 1, 0, 2018),
(81, 'Senegal', 'Colombia', 0, 1, 0, 1, 0, 0, 2018),
(82, 'England', 'Belgium', 0, 1, 0, 1, 1, 0, 2018),
(83, 'Panama', 'Tunisia', 1, 1, 0, 2, 2, 0, 2018),
(84, 'Korea Republic', 'Germany', 2, 2, 0, 0, 3, 0, 2018),
(85, 'Mexico', 'Sweden', 0, 1, 0, 3, 2, 0, 2018),
(86, 'Switzerland', 'Costa Rica', 2, 1, 0, 2, 2, 0, 2018),
(87, 'Serbia', 'Brazil', 0, 1, 0, 2, 1, 0, 2018),
(88, 'Australia', 'Peru', 0, 1, 0, 2, 0, 0, 2018),
(89, 'Denmark', 'France', 0, 0, 0, 0, 0, 0, 2018),
(90, 'Iceland', 'Croatia', 1, 2, 0, 2, 1, 0, 2018),
(91, 'Nigeria', 'Argentina', 1, 1, 0, 2, 1, 0, 2018),
(92, 'Saudi Arabia', 'Egypt', 2, 3, 0, 1, 1, 0, 2018),
(93, 'Uruguay', 'Russia', 3, 2, 0, 0, 0, 0, 2018),
(94, 'Spain', 'Morocco', 2, 3, 0, 2, 1, 0, 2018),
(95, 'IR Iran', 'Portugal', 1, 1, 0, 1, 1, 0, 2018),
(96, 'England', 'Panama', 6, 3, 0, 1, 1, 0, 2018),
(97, 'Japan', 'Senegal', 2, 1, 0, 2, 1, 0, 2018),
(98, 'Poland', 'Colombia', 0, 1, 0, 3, 2, 0, 2018),
(99, 'Belgium', 'Tunisia', 5, 5, 0, 2, 1, 0, 2018),
(100, 'Korea Republic', 'Mexico', 1, 1, 0, 2, 2, 0, 2018),
(101, 'Germany', 'Sweden', 2, 1, 0, 1, 1, 0, 2018),
(102, 'Brazil', 'Costa Rica', 2, 3, 0, 0, 0, 0, 2018),
(103, 'Nigeria', 'Iceland', 2, 1, 0, 0, 1, 0, 2018),
(104, 'Serbia', 'Switzerland', 1, 2, 0, 2, 2, 0, 2018),
(105, 'Denmark', 'Australia', 1, 1, 0, 1, 1, 0, 2018),
(106, 'France', 'Peru', 1, 2, 0, 0, 0, 0, 2018),
(107, 'Argentina', 'Croatia', 0, 1, 0, 3, 2, 0, 2018),
(108, 'Portugal', 'Morocco', 1, 1, 0, 0, 1, 0, 2018),
(109, 'Uruguay', 'Saudi Arabia', 1, 2, 0, 0, 0, 0, 2018),
(110, 'IR Iran', 'Spain', 0, 1, 0, 1, 2, 0, 2018),
(111, 'Colombia', 'Japan', 1, 1, 0, 2, 2, 0, 2018),
(112, 'Poland', 'Senegal', 1, 1, 0, 2, 1, 0, 2018),
(113, 'Russia', 'Egypt', 3, 1, 0, 1, 1, 0, 2018),
(114, 'Sweden', 'Korea Republic', 1, 2, 0, 0, 0, 0, 2018),
(115, 'Belgium', 'Panama', 3, 2, 0, 0, 1, 0, 2018),
(116, 'Tunisia', 'England', 1, 1, 0, 2, 3, 0, 2018),
(117, 'Costa Rica', 'Serbia', 0, 1, 0, 1, 1, 0, 2018),
(118, 'Germany', 'Mexico', 0, 1, 0, 1, 1, 0, 2018),
(119, 'Brazil', 'Switzerland', 1, 2, 0, 1, 1, 0, 2018),
(120, 'France', 'Australia', 2, 1, 0, 1, 1, 0, 2018),
(121, 'Argentina', 'Iceland', 1, 2, 0, 1, 1, 0, 2018),
(122, 'Peru', 'Denmark', 0, 2, 0, 1, 1, 0, 2018),
(123, 'Croatia', 'Nigeria', 2, 2, 0, 0, 1, 0, 2018),
(124, 'Egypt', 'Uruguay', 0, 0, 0, 1, 2, 0, 2018),
(125, 'Morocco', 'IR Iran', 0, 1, 0, 1, 1, 0, 2018),
(126, 'Portugal', 'Spain', 3, 1, 0, 3, 2, 0, 2018),
(127, 'Russia', 'Saudi Arabia', 5, 2, 0, 0, 0, 0, 2018),
(128, 'Germany', 'Argentina', 1, 0, 0, 0, 0, 0, 2014),
(129, 'Brazil', 'Netherlands', 0, 0, 0, 3, 0, 0, 2014),
(130, 'Netherlands', 'Argentina', 0, 0, 2, 0, 0, 4, 2014),
(131, 'Brazil', 'Germany', 1, 0, 0, 7, 0, 0, 2014),
(132, 'Argentina', 'Belgium', 1, 0, 0, 0, 0, 0, 2014),
(133, 'Netherlands', 'Costa Rica', 0, 0, 4, 0, 0, 3, 2014),
(134, 'France', 'Germany', 0, 0, 0, 1, 0, 0, 2014),
(135, 'Brazil', 'Colombia', 2, 0, 0, 1, 0, 0, 2014),
(136, 'Argentina', 'Switzerland', 1, 0, 0, 0, 0, 0, 2014),
(137, 'Belgium', 'United States', 2, 0, 0, 1, 0, 0, 2014),
(138, 'France', 'Nigeria', 2, 0, 0, 0, 0, 0, 2014),
(139, 'Germany', 'Algeria', 2, 0, 0, 1, 0, 0, 2014),
(140, 'Netherlands', 'Mexico', 2, 0, 0, 1, 0, 0, 2014),
(141, 'Costa Rica', 'Greece', 1, 0, 5, 1, 0, 3, 2014),
(142, 'Brazil', 'Chile', 1, 0, 3, 1, 0, 2, 2014),
(143, 'Colombia', 'Uruguay', 2, 0, 0, 0, 0, 0, 2014),
(144, 'United States', 'Germany', 0, 0, 0, 1, 0, 0, 2014),
(145, 'Portugal', 'Ghana', 2, 0, 0, 1, 0, 0, 2014),
(146, 'Korea Republic', 'Belgium', 0, 0, 0, 1, 0, 0, 2014),
(147, 'Algeria', 'Russia', 1, 0, 0, 1, 0, 0, 2014),
(148, 'Bosnia and Herzegovi', 'IR Iran', 3, 0, 0, 1, 0, 0, 2014),
(149, 'Nigeria', 'Argentina', 2, 0, 0, 3, 0, 0, 2014),
(150, 'Honduras', 'Switzerland', 0, 0, 0, 3, 0, 0, 2014),
(151, 'Ecuador', 'France', 0, 0, 0, 0, 0, 0, 2014),
(152, 'Costa Rica', 'England', 0, 0, 0, 0, 0, 0, 2014),
(153, 'Italy', 'Uruguay', 0, 0, 0, 1, 0, 0, 2014),
(154, 'Japan', 'Colombia', 1, 0, 0, 4, 0, 0, 2014),
(155, 'Greece', 'Côte d\'Ivoire', 2, 0, 0, 1, 0, 0, 2014),
(156, 'Australia', 'Spain', 0, 0, 0, 3, 0, 0, 2014),
(157, 'Netherlands', 'Chile', 2, 0, 0, 0, 0, 0, 2014),
(158, 'Croatia', 'Mexico', 1, 0, 0, 3, 0, 0, 2014),
(159, 'Cameroon', 'Brazil', 1, 0, 0, 4, 0, 0, 2014),
(160, 'Belgium', 'Russia', 1, 0, 0, 0, 0, 0, 2014),
(161, 'Korea Republic', 'Algeria', 2, 0, 0, 4, 0, 0, 2014),
(162, 'United States', 'Portugal', 2, 0, 0, 2, 0, 0, 2014),
(163, 'Argentina', 'IR Iran', 1, 0, 0, 0, 0, 0, 2014),
(164, 'Germany', 'Ghana', 2, 0, 0, 2, 0, 0, 2014),
(165, 'Nigeria', 'Bosnia and Herzegovi', 1, 0, 0, 0, 0, 0, 2014),
(166, 'Italy', 'Costa Rica', 0, 0, 0, 1, 0, 0, 2014),
(167, 'Switzerland', 'France', 2, 0, 0, 5, 0, 0, 2014),
(168, 'Honduras', 'Ecuador', 1, 0, 0, 2, 0, 0, 2014),
(169, 'Colombia', 'Côte d\'Ivoire', 2, 0, 0, 1, 0, 0, 2014),
(170, 'Uruguay', 'England', 2, 0, 0, 1, 0, 0, 2014),
(171, 'Japan', 'Greece', 0, 0, 0, 0, 0, 0, 2014),
(172, 'Australia', 'Netherlands', 2, 0, 0, 3, 0, 0, 2014),
(173, 'Spain', 'Chile', 0, 0, 0, 2, 0, 0, 2014),
(174, 'Cameroon', 'Croatia', 0, 0, 0, 4, 0, 0, 2014),
(175, 'Belgium', 'Algeria', 2, 0, 0, 1, 0, 0, 2014),
(176, 'Brazil', 'Mexico', 0, 0, 0, 0, 0, 0, 2014),
(177, 'Russia', 'Korea Republic', 1, 0, 0, 1, 0, 0, 2014),
(178, 'Germany', 'Portugal', 4, 0, 0, 0, 0, 0, 2014),
(179, 'IR Iran', 'Nigeria', 0, 0, 0, 0, 0, 0, 2014),
(180, 'Ghana', 'United States', 1, 0, 0, 2, 0, 0, 2014),
(181, 'Switzerland', 'Ecuador', 2, 0, 0, 1, 0, 0, 2014),
(182, 'France', 'Honduras', 3, 0, 0, 0, 0, 0, 2014),
(183, 'Argentina', 'Bosnia and Herzegovi', 2, 0, 0, 1, 0, 0, 2014),
(184, 'Colombia', 'Greece', 3, 0, 0, 0, 0, 0, 2014),
(185, 'Uruguay', 'Costa Rica', 1, 0, 0, 3, 0, 0, 2014),
(186, 'England', 'Italy', 1, 0, 0, 2, 0, 0, 2014),
(187, 'Côte d\'Ivoire', 'Japan', 2, 0, 0, 1, 0, 0, 2014),
(188, 'Mexico', 'Cameroon', 1, 0, 0, 0, 0, 0, 2014),
(189, 'Spain', 'Netherlands', 1, 0, 0, 5, 0, 0, 2014),
(190, 'Chile', 'Australia', 3, 0, 0, 1, 0, 0, 2014),
(191, 'Brazil', 'Croatia', 3, 0, 0, 1, 0, 0, 2014),
(192, 'Netherlands', 'Spain', 0, 0, 0, 1, 0, 0, 2010),
(193, 'Uruguay', 'Germany', 2, 0, 0, 3, 0, 0, 2010),
(194, 'Germany', 'Spain', 0, 0, 0, 1, 0, 0, 2010),
(195, 'Uruguay', 'Netherlands', 2, 0, 0, 3, 0, 0, 2010),
(196, 'Argentina', 'Germany', 0, 0, 0, 4, 0, 0, 2010),
(197, 'Paraguay', 'Spain', 0, 0, 0, 1, 0, 0, 2010),
(198, 'Netherlands', 'Brazil', 2, 0, 0, 1, 0, 0, 2010),
(199, 'Uruguay', 'Ghana', 1, 0, 4, 1, 0, 2, 2010),
(200, 'Paraguay', 'Japan', 0, 0, 5, 0, 0, 3, 2010),
(201, 'Spain', 'Portugal', 1, 0, 0, 0, 0, 0, 2010),
(202, 'Netherlands', 'Slovakia', 2, 0, 0, 1, 0, 0, 2010),
(203, 'Brazil', 'Chile', 3, 0, 0, 0, 0, 0, 2010),
(204, 'Germany', 'England', 4, 0, 0, 1, 0, 0, 2010),
(205, 'Argentina', 'Mexico', 3, 0, 0, 1, 0, 0, 2010),
(206, 'Uruguay', 'Korea Republic', 2, 0, 0, 1, 0, 0, 2010),
(207, 'United States', 'Ghana', 1, 0, 0, 2, 0, 0, 2010),
(208, 'Portugal', 'Brazil', 0, 0, 0, 0, 0, 0, 2010),
(209, 'Korea DPR', 'Côte d\'Ivoire', 0, 0, 0, 3, 0, 0, 2010),
(210, 'Chile', 'Spain', 1, 0, 0, 2, 0, 0, 2010),
(211, 'Switzerland', 'Honduras', 0, 0, 0, 0, 0, 0, 2010),
(212, 'Paraguay', 'New Zealand', 0, 0, 0, 0, 0, 0, 2010),
(213, 'Slovakia', 'Italy', 3, 0, 0, 2, 0, 0, 2010),
(214, 'Denmark', 'Japan', 1, 0, 0, 3, 0, 0, 2010),
(215, 'Cameroon', 'Netherlands', 1, 0, 0, 2, 0, 0, 2010),
(216, 'Slovenia', 'England', 0, 0, 0, 1, 0, 0, 2010),
(217, 'United States', 'Algeria', 1, 0, 0, 0, 0, 0, 2010),
(218, 'Ghana', 'Germany', 0, 0, 0, 1, 0, 0, 2010),
(219, 'Australia', 'Serbia', 2, 0, 0, 1, 0, 0, 2010),
(220, 'Mexico', 'Uruguay', 0, 0, 0, 1, 0, 0, 2010),
(221, 'France', 'South Africa', 1, 0, 0, 2, 0, 0, 2010),
(222, 'Nigeria', 'Korea Republic', 2, 0, 0, 2, 0, 0, 2010),
(223, 'Greece', 'Argentina', 0, 0, 0, 2, 0, 0, 2010),
(224, 'Portugal', 'Korea DPR', 7, 0, 0, 0, 0, 0, 2010),
(225, 'Chile', 'Switzerland', 1, 0, 0, 0, 0, 0, 2010),
(226, 'Spain', 'Honduras', 2, 0, 0, 0, 0, 0, 2010),
(227, 'Slovakia', 'Paraguay', 0, 0, 0, 2, 0, 0, 2010),
(228, 'Italy', 'New Zealand', 1, 0, 0, 1, 0, 0, 2010),
(229, 'Brazil', 'Côte d\'Ivoire', 3, 0, 0, 1, 0, 0, 2010),
(230, 'Netherlands', 'Japan', 1, 0, 0, 0, 0, 0, 2010),
(231, 'Ghana', 'Australia', 1, 0, 0, 1, 0, 0, 2010),
(232, 'Cameroon', 'Denmark', 1, 0, 0, 2, 0, 0, 2010),
(233, 'Germany', 'Serbia', 0, 0, 0, 1, 0, 0, 2010),
(234, 'Slovenia', 'United States', 2, 0, 0, 2, 0, 0, 2010),
(235, 'England', 'Algeria', 0, 0, 0, 0, 0, 0, 2010),
(236, 'Argentina', 'Korea Republic', 4, 0, 0, 1, 0, 0, 2010),
(237, 'Greece', 'Nigeria', 2, 0, 0, 1, 0, 0, 2010),
(238, 'France', 'Mexico', 0, 0, 0, 2, 0, 0, 2010),
(239, 'Honduras', 'Chile', 0, 0, 0, 1, 0, 0, 2010),
(240, 'Spain', 'Switzerland', 0, 0, 0, 1, 0, 0, 2010),
(241, 'South Africa', 'Uruguay', 0, 0, 0, 3, 0, 0, 2010),
(242, 'New Zealand', 'Slovakia', 1, 0, 0, 1, 0, 0, 2010),
(243, 'Côte d\'Ivoire', 'Portugal', 0, 0, 0, 0, 0, 0, 2010),
(244, 'Brazil', 'Korea DPR', 2, 0, 0, 1, 0, 0, 2010),
(245, 'Netherlands', 'Denmark', 2, 0, 0, 0, 0, 0, 2010),
(246, 'Japan', 'Cameroon', 1, 0, 0, 0, 0, 0, 2010),
(247, 'Italy', 'Paraguay', 1, 0, 0, 1, 0, 0, 2010),
(248, 'Algeria', 'Slovenia', 0, 0, 0, 1, 0, 0, 2010),
(249, 'Serbia', 'Ghana', 0, 0, 0, 1, 0, 0, 2010),
(250, 'Germany', 'Australia', 4, 0, 0, 0, 0, 0, 2010),
(251, 'Korea Republic', 'Greece', 2, 0, 0, 0, 0, 0, 2010),
(252, 'Argentina', 'Nigeria', 1, 0, 0, 0, 0, 0, 2010),
(253, 'England', 'United States', 1, 0, 0, 1, 0, 0, 2010),
(254, 'South Africa', 'Mexico', 1, 0, 0, 1, 0, 0, 2010),
(255, 'Uruguay', 'France', 0, 0, 0, 0, 0, 0, 2010),
(256, 'Italy', 'France', 1, 0, 5, 1, 0, 3, 2006),
(257, 'Germany', 'Portugal', 3, 0, 0, 1, 0, 0, 2006),
(258, 'Portugal', 'France', 0, 0, 0, 1, 0, 0, 2006),
(259, 'Germany', 'Italy', 0, 0, 0, 2, 0, 0, 2006),
(260, 'England', 'Portugal', 0, 0, 1, 0, 0, 3, 2006),
(261, 'Brazil', 'France', 0, 0, 0, 1, 0, 0, 2006),
(262, 'Germany', 'Argentina', 1, 0, 4, 1, 0, 2, 2006),
(263, 'Italy', 'Ukraine', 3, 0, 0, 0, 0, 0, 2006),
(264, 'Brazil', 'Ghana', 3, 0, 0, 0, 0, 0, 2006),
(265, 'Spain', 'France', 1, 0, 0, 3, 0, 0, 2006),
(266, 'Italy', 'Australia', 1, 0, 0, 0, 0, 0, 2006),
(267, 'Switzerland', 'Ukraine', 0, 0, 0, 0, 0, 3, 2006),
(268, 'England', 'Ecuador', 1, 0, 0, 0, 0, 0, 2006),
(269, 'Portugal', 'Netherlands', 1, 0, 0, 0, 0, 0, 2006),
(270, 'Germany', 'Sweden', 2, 0, 0, 0, 0, 0, 2006),
(271, 'Argentina', 'Mexico', 2, 0, 0, 1, 0, 0, 2006),
(272, 'Saudi Arabia', 'Spain', 0, 0, 0, 1, 0, 0, 2006),
(273, 'Ukraine', 'Tunisia', 1, 0, 0, 0, 0, 0, 2006),
(274, 'Togo', 'France', 0, 0, 0, 2, 0, 0, 2006),
(275, 'Switzerland', 'Korea Republic', 2, 0, 0, 0, 0, 0, 2006),
(276, 'Ghana', 'United States', 2, 0, 0, 1, 0, 0, 2006),
(277, 'Czech Republic', 'Italy', 0, 0, 0, 2, 0, 0, 2006),
(278, 'Japan', 'Brazil', 1, 0, 0, 4, 0, 0, 2006),
(279, 'Croatia', 'Australia', 2, 0, 0, 2, 0, 0, 2006),
(280, 'Portugal', 'Mexico', 2, 0, 0, 1, 0, 0, 2006),
(281, 'IR Iran', 'Angola', 1, 0, 0, 1, 0, 0, 2006),
(282, 'Côte d\'Ivoire', 'Serbia and Montenegr', 3, 0, 0, 2, 0, 0, 2006),
(283, 'Netherlands', 'Argentina', 0, 0, 0, 0, 0, 0, 2006),
(284, 'Costa Rica', 'Poland', 1, 0, 0, 2, 0, 0, 2006),
(285, 'Ecuador', 'Germany', 0, 0, 0, 3, 0, 0, 2006),
(286, 'Paraguay', 'Trinidad and Tobago', 2, 0, 0, 0, 0, 0, 2006),
(287, 'Sweden', 'England', 2, 0, 0, 2, 0, 0, 2006),
(288, 'Togo', 'Switzerland', 0, 0, 0, 2, 0, 0, 2006),
(289, 'Saudi Arabia', 'Ukraine', 0, 0, 0, 4, 0, 0, 2006),
(290, 'Spain', 'Tunisia', 3, 0, 0, 1, 0, 0, 2006),
(291, 'Japan', 'Croatia', 0, 0, 0, 0, 0, 0, 2006),
(292, 'Brazil', 'Australia', 2, 0, 0, 0, 0, 0, 2006),
(293, 'France', 'Korea Republic', 1, 0, 0, 1, 0, 0, 2006),
(294, 'Portugal', 'IR Iran', 2, 0, 0, 0, 0, 0, 2006),
(295, 'Czech Republic', 'Ghana', 0, 0, 0, 2, 0, 0, 2006),
(296, 'Italy', 'United States', 1, 0, 0, 1, 0, 0, 2006),
(297, 'Argentina', 'Serbia and Montenegr', 6, 0, 0, 0, 0, 0, 2006),
(298, 'Netherlands', 'Côte d\'Ivoire', 2, 0, 0, 1, 0, 0, 2006),
(299, 'Mexico', 'Angola', 0, 0, 0, 0, 0, 0, 2006),
(300, 'Ecuador', 'Costa Rica', 3, 0, 0, 0, 0, 0, 2006),
(301, 'England', 'Trinidad and Tobago', 2, 0, 0, 0, 0, 0, 2006),
(302, 'Sweden', 'Paraguay', 1, 0, 0, 0, 0, 0, 2006),
(303, 'Spain', 'Ukraine', 4, 0, 0, 0, 0, 0, 2006),
(304, 'Tunisia', 'Saudi Arabia', 2, 0, 0, 2, 0, 0, 2006),
(305, 'Germany', 'Poland', 1, 0, 0, 0, 0, 0, 2006),
(306, 'Korea Republic', 'Togo', 2, 0, 0, 1, 0, 0, 2006),
(307, 'France', 'Switzerland', 0, 0, 0, 0, 0, 0, 2006),
(308, 'Brazil', 'Croatia', 1, 0, 0, 0, 0, 0, 2006),
(309, 'Australia', 'Japan', 3, 0, 0, 1, 0, 0, 2006),
(310, 'United States', 'Czech Republic', 0, 0, 0, 3, 0, 0, 2006),
(311, 'Italy', 'Ghana', 2, 0, 0, 0, 0, 0, 2006),
(312, 'Serbia and Montenegr', 'Netherlands', 0, 0, 0, 1, 0, 0, 2006),
(313, 'Mexico', 'IR Iran', 3, 0, 0, 1, 0, 0, 2006),
(314, 'Angola', 'Portugal', 0, 0, 0, 1, 0, 0, 2006),
(315, 'England', 'Paraguay', 1, 0, 0, 0, 0, 0, 2006),
(316, 'Trinidad and Tobago', 'Sweden', 0, 0, 0, 0, 0, 0, 2006),
(317, 'Argentina', 'Côte d\'Ivoire', 2, 0, 0, 1, 0, 0, 2006),
(318, 'Germany', 'Costa Rica', 4, 0, 0, 2, 0, 0, 2006),
(319, 'Poland', 'Ecuador', 0, 0, 0, 2, 0, 0, 2006),
(320, 'Germany', 'Brazil', 0, 0, 0, 2, 0, 0, 2002),
(321, 'Korea Republic', 'Türkiye', 2, 0, 0, 3, 0, 0, 2002),
(322, 'Brazil', 'Türkiye', 1, 0, 0, 0, 0, 0, 2002),
(323, 'Germany', 'Korea Republic', 1, 0, 0, 0, 0, 0, 2002),
(324, 'Spain', 'Korea Republic', 0, 0, 3, 0, 0, 5, 2002),
(325, 'Senegal', 'Türkiye', 0, 0, 0, 1, 0, 0, 2002),
(326, 'England', 'Brazil', 1, 0, 0, 2, 0, 0, 2002),
(327, 'Germany', 'United States', 1, 0, 0, 0, 0, 0, 2002),
(328, 'Japan', 'Türkiye', 0, 0, 0, 1, 0, 0, 2002),
(329, 'Korea Republic', 'Italy', 2, 0, 0, 1, 0, 0, 2002),
(330, 'Mexico', 'United States', 0, 0, 0, 2, 0, 0, 2002),
(331, 'Brazil', 'Belgium', 2, 0, 0, 0, 0, 0, 2002),
(332, 'Sweden', 'Senegal', 1, 0, 0, 2, 0, 0, 2002),
(333, 'Spain', 'Republic of Ireland', 1, 0, 3, 1, 0, 2, 2002),
(334, 'Germany', 'Paraguay', 1, 0, 0, 0, 0, 0, 2002),
(335, 'Denmark', 'England', 0, 0, 0, 3, 0, 0, 2002),
(336, 'Tunisia', 'Japan', 0, 0, 0, 2, 0, 0, 2002),
(337, 'Belgium', 'Russia', 3, 0, 0, 2, 0, 0, 2002),
(338, 'Portugal', 'Korea Republic', 0, 0, 0, 1, 0, 0, 2002),
(339, 'Poland', 'United States', 3, 0, 0, 1, 0, 0, 2002),
(340, 'Costa Rica', 'Brazil', 2, 0, 0, 5, 0, 0, 2002),
(341, 'Türkiye', 'China PR', 3, 0, 0, 0, 0, 0, 2002),
(342, 'Mexico', 'Italy', 1, 0, 0, 1, 0, 0, 2002),
(343, 'Ecuador', 'Croatia', 1, 0, 0, 0, 0, 0, 2002),
(344, 'Sweden', 'Argentina', 1, 0, 0, 1, 0, 0, 2002),
(345, 'Nigeria', 'England', 0, 0, 0, 0, 0, 0, 2002),
(346, 'South Africa', 'Spain', 2, 0, 0, 3, 0, 0, 2002),
(347, 'Slovenia', 'Paraguay', 1, 0, 0, 3, 0, 0, 2002),
(348, 'Denmark', 'France', 2, 0, 0, 0, 0, 0, 2002),
(349, 'Senegal', 'Uruguay', 3, 0, 0, 3, 0, 0, 2002),
(350, 'Saudi Arabia', 'Republic of Ireland', 0, 0, 0, 3, 0, 0, 2002),
(351, 'Cameroon', 'Germany', 0, 0, 0, 2, 0, 0, 2002),
(352, 'Korea Republic', 'United States', 1, 0, 0, 1, 0, 0, 2002),
(353, 'Tunisia', 'Belgium', 1, 0, 0, 1, 0, 0, 2002),
(354, 'Portugal', 'Poland', 4, 0, 0, 0, 0, 0, 2002),
(355, 'Mexico', 'Ecuador', 2, 0, 0, 1, 0, 0, 2002),
(356, 'Costa Rica', 'Türkiye', 1, 0, 0, 1, 0, 0, 2002),
(357, 'Japan', 'Russia', 1, 0, 0, 0, 0, 0, 2002),
(358, 'South Africa', 'Slovenia', 1, 0, 0, 0, 0, 0, 2002),
(359, 'Italy', 'Croatia', 1, 0, 0, 2, 0, 0, 2002),
(360, 'Brazil', 'China PR', 4, 0, 0, 0, 0, 0, 2002),
(361, 'Sweden', 'Nigeria', 2, 0, 0, 1, 0, 0, 2002),
(362, 'Spain', 'Paraguay', 3, 0, 0, 1, 0, 0, 2002),
(363, 'Argentina', 'England', 0, 0, 0, 1, 0, 0, 2002),
(364, 'Denmark', 'Senegal', 1, 0, 0, 1, 0, 0, 2002),
(365, 'Cameroon', 'Saudi Arabia', 1, 0, 0, 0, 0, 0, 2002),
(366, 'France', 'Uruguay', 0, 0, 0, 0, 0, 0, 2002),
(367, 'Russia', 'Tunisia', 2, 0, 0, 0, 0, 0, 2002),
(368, 'United States', 'Portugal', 3, 0, 0, 2, 0, 0, 2002),
(369, 'Germany', 'Republic of Ireland', 1, 0, 0, 1, 0, 0, 2002),
(370, 'China PR', 'Costa Rica', 0, 0, 0, 2, 0, 0, 2002),
(371, 'Japan', 'Belgium', 2, 0, 0, 2, 0, 0, 2002),
(372, 'Korea Republic', 'Poland', 2, 0, 0, 0, 0, 0, 2002),
(373, 'Croatia', 'Mexico', 0, 0, 0, 1, 0, 0, 2002),
(374, 'Brazil', 'Türkiye', 2, 0, 0, 1, 0, 0, 2002),
(375, 'Italy', 'Ecuador', 2, 0, 0, 0, 0, 0, 2002),
(376, 'Argentina', 'Nigeria', 1, 0, 0, 0, 0, 0, 2002),
(377, 'Paraguay', 'South Africa', 2, 0, 0, 2, 0, 0, 2002),
(378, 'England', 'Sweden', 1, 0, 0, 1, 0, 0, 2002),
(379, 'Spain', 'Slovenia', 3, 0, 0, 1, 0, 0, 2002),
(380, 'Republic of Ireland', 'Cameroon', 1, 0, 0, 1, 0, 0, 2002),
(381, 'Uruguay', 'Denmark', 1, 0, 0, 2, 0, 0, 2002),
(382, 'Germany', 'Saudi Arabia', 8, 0, 0, 0, 0, 0, 2002),
(383, 'France', 'Senegal', 0, 0, 0, 1, 0, 0, 2002),
(384, 'Brazil', 'France', 0, 0, 0, 3, 0, 0, 1998),
(385, 'Netherlands', 'Croatia', 1, 0, 0, 2, 0, 0, 1998),
(386, 'France', 'Croatia', 2, 0, 0, 1, 0, 0, 1998),
(387, 'Brazil', 'Netherlands', 1, 0, 4, 1, 0, 2, 1998),
(388, 'Netherlands', 'Argentina', 2, 0, 0, 1, 0, 0, 1998),
(389, 'Germany', 'Croatia', 0, 0, 0, 3, 0, 0, 1998),
(390, 'Italy', 'France', 0, 0, 3, 0, 0, 4, 1998),
(391, 'Brazil', 'Denmark', 3, 0, 0, 2, 0, 0, 1998),
(392, 'Romania', 'Croatia', 0, 0, 0, 1, 0, 0, 1998),
(393, 'Argentina', 'England', 2, 0, 4, 2, 0, 3, 1998),
(394, 'Germany', 'Mexico', 2, 0, 0, 1, 0, 0, 1998),
(395, 'Netherlands', 'FR Yugoslavia', 2, 0, 0, 1, 0, 0, 1998),
(396, 'France', 'Paraguay', 1, 0, 0, 0, 0, 0, 1998),
(397, 'Nigeria', 'Denmark', 1, 0, 0, 4, 0, 0, 1998),
(398, 'Italy', 'Norway', 1, 0, 0, 0, 0, 0, 1998),
(399, 'Brazil', 'Chile', 4, 0, 0, 1, 0, 0, 1998),
(400, 'Argentina', 'Croatia', 1, 0, 0, 0, 0, 0, 1998),
(401, 'Japan', 'Jamaica', 1, 0, 0, 2, 0, 0, 1998),
(402, 'Romania', 'Tunisia', 1, 0, 0, 1, 0, 0, 1998),
(403, 'Colombia', 'England', 0, 0, 0, 2, 0, 0, 1998),
(404, 'Netherlands', 'Mexico', 2, 0, 0, 2, 0, 0, 1998),
(405, 'Belgium', 'Korea Republic', 1, 0, 0, 1, 0, 0, 1998),
(406, 'United States', 'FR Yugoslavia', 0, 0, 0, 1, 0, 0, 1998),
(407, 'Germany', 'IR Iran', 2, 0, 0, 0, 0, 0, 1998),
(408, 'South Africa', 'Saudi Arabia', 2, 0, 0, 2, 0, 0, 1998),
(409, 'France', 'Denmark', 2, 0, 0, 1, 0, 0, 1998),
(410, 'Spain', 'Bulgaria', 6, 0, 0, 1, 0, 0, 1998),
(411, 'Nigeria', 'Paraguay', 1, 0, 0, 3, 0, 0, 1998),
(412, 'Italy', 'Austria', 2, 0, 0, 1, 0, 0, 1998),
(413, 'Chile', 'Cameroon', 1, 0, 0, 1, 0, 0, 1998),
(414, 'Brazil', 'Norway', 1, 0, 0, 2, 0, 0, 1998),
(415, 'Scotland', 'Morocco', 0, 0, 0, 3, 0, 0, 1998),
(416, 'Colombia', 'Tunisia', 1, 0, 0, 0, 0, 0, 1998),
(417, 'Romania', 'England', 2, 0, 0, 1, 0, 0, 1998),
(418, 'Germany', 'FR Yugoslavia', 2, 0, 0, 2, 0, 0, 1998),
(419, 'Argentina', 'Jamaica', 5, 0, 0, 0, 0, 0, 1998),
(420, 'United States', 'IR Iran', 1, 0, 0, 2, 0, 0, 1998),
(421, 'Japan', 'Croatia', 0, 0, 0, 1, 0, 0, 1998),
(422, 'Belgium', 'Mexico', 2, 0, 0, 2, 0, 0, 1998),
(423, 'Netherlands', 'Korea Republic', 5, 0, 0, 0, 0, 0, 1998),
(424, 'Nigeria', 'Bulgaria', 1, 0, 0, 0, 0, 0, 1998),
(425, 'Spain', 'Paraguay', 0, 0, 0, 0, 0, 0, 1998),
(426, 'South Africa', 'Denmark', 1, 0, 0, 1, 0, 0, 1998),
(427, 'France', 'Saudi Arabia', 4, 0, 0, 0, 0, 0, 1998),
(428, 'Chile', 'Austria', 1, 0, 0, 1, 0, 0, 1998),
(429, 'Italy', 'Cameroon', 3, 0, 0, 0, 0, 0, 1998),
(430, 'Scotland', 'Norway', 1, 0, 0, 1, 0, 0, 1998),
(431, 'Brazil', 'Morocco', 3, 0, 0, 0, 0, 0, 1998),
(432, 'England', 'Tunisia', 2, 0, 0, 0, 0, 0, 1998),
(433, 'Romania', 'Colombia', 1, 0, 0, 0, 0, 0, 1998),
(434, 'Germany', 'United States', 2, 0, 0, 0, 0, 0, 1998),
(435, 'Argentina', 'Japan', 1, 0, 0, 0, 0, 0, 1998),
(436, 'FR Yugoslavia', 'IR Iran', 1, 0, 0, 0, 0, 0, 1998),
(437, 'Jamaica', 'Croatia', 1, 0, 0, 3, 0, 0, 1998),
(438, 'Spain', 'Nigeria', 2, 0, 0, 3, 0, 0, 1998),
(439, 'Korea Republic', 'Mexico', 1, 0, 0, 3, 0, 0, 1998),
(440, 'Netherlands', 'Belgium', 0, 0, 0, 0, 0, 0, 1998),
(441, 'Paraguay', 'Bulgaria', 0, 0, 0, 0, 0, 0, 1998),
(442, 'Saudi Arabia', 'Denmark', 0, 0, 0, 1, 0, 0, 1998),
(443, 'France', 'South Africa', 3, 0, 0, 0, 0, 0, 1998),
(444, 'Italy', 'Chile', 2, 0, 0, 2, 0, 0, 1998),
(445, 'Cameroon', 'Austria', 1, 0, 0, 1, 0, 0, 1998),
(446, 'Brazil', 'Scotland', 2, 0, 0, 1, 0, 0, 1998),
(447, 'Morocco', 'Norway', 2, 0, 0, 2, 0, 0, 1998),
(448, 'Brazil', 'Italy', 0, 0, 3, 0, 0, 2, 1994),
(449, 'Sweden', 'Bulgaria', 4, 0, 0, 0, 0, 0, 1994),
(450, 'Bulgaria', 'Italy', 1, 0, 0, 2, 0, 0, 1994),
(451, 'Sweden', 'Brazil', 0, 0, 0, 1, 0, 0, 1994),
(452, 'Bulgaria', 'Germany', 2, 0, 0, 1, 0, 0, 1994),
(453, 'Romania', 'Sweden', 2, 0, 4, 2, 0, 5, 1994),
(454, 'Italy', 'Spain', 2, 0, 0, 1, 0, 0, 1994),
(455, 'Netherlands', 'Brazil', 2, 0, 0, 3, 0, 0, 1994),
(456, 'Nigeria', 'Italy', 1, 0, 0, 2, 0, 0, 1994),
(457, 'Mexico', 'Bulgaria', 1, 0, 1, 1, 0, 3, 1994),
(458, 'Netherlands', 'Republic of Ireland', 2, 0, 0, 0, 0, 0, 1994),
(459, 'Brazil', 'United States', 1, 0, 0, 0, 0, 0, 1994),
(460, 'Saudi Arabia', 'Sweden', 1, 0, 0, 3, 0, 0, 1994),
(461, 'Romania', 'Argentina', 3, 0, 0, 2, 0, 0, 1994),
(462, 'Germany', 'Belgium', 3, 0, 0, 2, 0, 0, 1994),
(463, 'Spain', 'Switzerland', 3, 0, 0, 0, 0, 0, 1994),
(464, 'Greece', 'Nigeria', 0, 0, 0, 2, 0, 0, 1994),
(465, 'Argentina', 'Bulgaria', 0, 0, 0, 2, 0, 0, 1994),
(466, 'Morocco', 'Netherlands', 1, 0, 0, 2, 0, 0, 1994),
(467, 'Belgium', 'Saudi Arabia', 0, 0, 0, 1, 0, 0, 1994),
(468, 'Italy', 'Mexico', 1, 0, 0, 1, 0, 0, 1994),
(469, 'Republic of Ireland', 'Norway', 0, 0, 0, 0, 0, 0, 1994),
(470, 'Russia', 'Cameroon', 6, 0, 0, 1, 0, 0, 1994),
(471, 'Brazil', 'Sweden', 1, 0, 0, 1, 0, 0, 1994),
(472, 'Germany', 'Korea Republic', 3, 0, 0, 2, 0, 0, 1994),
(473, 'Bolivia', 'Spain', 1, 0, 0, 3, 0, 0, 1994),
(474, 'Bulgaria', 'Greece', 4, 0, 0, 0, 0, 0, 1994),
(475, 'United States', 'Romania', 0, 0, 0, 1, 0, 0, 1994),
(476, 'Switzerland', 'Colombia', 0, 0, 0, 2, 0, 0, 1994),
(477, 'Belgium', 'Netherlands', 1, 0, 0, 0, 0, 0, 1994),
(478, 'Saudi Arabia', 'Morocco', 2, 0, 0, 1, 0, 0, 1994),
(479, 'Argentina', 'Nigeria', 2, 0, 0, 1, 0, 0, 1994),
(480, 'Mexico', 'Republic of Ireland', 2, 0, 0, 1, 0, 0, 1994),
(481, 'Brazil', 'Cameroon', 3, 0, 0, 0, 0, 0, 1994),
(482, 'Sweden', 'Russia', 3, 0, 0, 1, 0, 0, 1994),
(483, 'Italy', 'Norway', 1, 0, 0, 0, 0, 0, 1994),
(484, 'Korea Republic', 'Bolivia', 0, 0, 0, 0, 0, 0, 1994),
(485, 'Romania', 'Switzerland', 1, 0, 0, 4, 0, 0, 1994),
(486, 'United States', 'Colombia', 2, 0, 0, 1, 0, 0, 1994),
(487, 'Argentina', 'Greece', 4, 0, 0, 0, 0, 0, 1994),
(488, 'Germany', 'Spain', 1, 0, 0, 1, 0, 0, 1994),
(489, 'Nigeria', 'Bulgaria', 3, 0, 0, 0, 0, 0, 1994),
(490, 'Brazil', 'Russia', 2, 0, 0, 0, 0, 0, 1994),
(491, 'Netherlands', 'Saudi Arabia', 2, 0, 0, 1, 0, 0, 1994),
(492, 'Belgium', 'Morocco', 1, 0, 0, 0, 0, 0, 1994),
(493, 'Norway', 'Mexico', 1, 0, 0, 0, 0, 0, 1994),
(494, 'Cameroon', 'Sweden', 2, 0, 0, 2, 0, 0, 1994),
(495, 'United States', 'Switzerland', 1, 0, 0, 1, 0, 0, 1994),
(496, 'Italy', 'Republic of Ireland', 0, 0, 0, 1, 0, 0, 1994),
(497, 'Colombia', 'Romania', 1, 0, 0, 3, 0, 0, 1994),
(498, 'Germany', 'Bolivia', 1, 0, 0, 0, 0, 0, 1994),
(499, 'Spain', 'Korea Republic', 2, 0, 0, 2, 0, 0, 1994),
(500, 'West Germany', 'Argentina', 1, 0, 0, 0, 0, 0, 1990),
(501, 'Italy', 'England', 2, 0, 0, 1, 0, 0, 1990),
(502, 'West Germany', 'England', 1, 0, 4, 1, 0, 3, 1990),
(503, 'Italy', 'Argentina', 1, 0, 3, 1, 0, 4, 1990),
(504, 'West Germany', 'Czechoslovakia', 1, 0, 0, 0, 0, 0, 1990),
(505, 'England', 'Cameroon', 3, 0, 0, 2, 0, 0, 1990),
(506, 'Yugoslavia', 'Argentina', 0, 0, 2, 0, 0, 3, 1990),
(507, 'Italy', 'Republic of Ireland', 1, 0, 0, 0, 0, 0, 1990),
(508, 'Spain', 'Yugoslavia', 1, 0, 0, 2, 0, 0, 1990),
(509, 'England', 'Belgium', 1, 0, 0, 0, 0, 0, 1990),
(510, 'Republic of Ireland', 'Romania', 0, 0, 5, 0, 0, 4, 1990),
(511, 'Italy', 'Uruguay', 2, 0, 0, 0, 0, 0, 1990),
(512, 'Brazil', 'Argentina', 0, 0, 0, 1, 0, 0, 1990),
(513, 'West Germany', 'Netherlands', 2, 0, 0, 1, 0, 0, 1990),
(514, 'Cameroon', 'Colombia', 2, 0, 0, 1, 0, 0, 1990),
(515, 'Czechoslovakia', 'Costa Rica', 4, 0, 0, 1, 0, 0, 1990),
(516, 'Belgium', 'Spain', 1, 0, 0, 2, 0, 0, 1990),
(517, 'Korea Republic', 'Uruguay', 0, 0, 0, 1, 0, 0, 1990),
(518, 'Republic of Ireland', 'Netherlands', 1, 0, 0, 1, 0, 0, 1990),
(519, 'England', 'Egypt', 1, 0, 0, 0, 0, 0, 1990),
(520, 'Sweden', 'Costa Rica', 1, 0, 0, 2, 0, 0, 1990),
(521, 'Brazil', 'Scotland', 1, 0, 0, 0, 0, 0, 1990),
(522, 'West Germany', 'Colombia', 1, 0, 0, 1, 0, 0, 1990),
(523, 'Yugoslavia', 'United Arab Emirates', 4, 0, 0, 1, 0, 0, 1990),
(524, 'Austria', 'United States', 2, 0, 0, 1, 0, 0, 1990),
(525, 'Italy', 'Czechoslovakia', 2, 0, 0, 0, 0, 0, 1990),
(526, 'Argentina', 'Romania', 1, 0, 0, 1, 0, 0, 1990),
(527, 'Cameroon', 'Soviet Union', 0, 0, 0, 4, 0, 0, 1990),
(528, 'Republic of Ireland', 'Egypt', 0, 0, 0, 0, 0, 0, 1990),
(529, 'Belgium', 'Uruguay', 3, 0, 0, 1, 0, 0, 1990),
(530, 'Korea Republic', 'Spain', 1, 0, 0, 3, 0, 0, 1990),
(531, 'Brazil', 'Costa Rica', 1, 0, 0, 0, 0, 0, 1990),
(532, 'England', 'Netherlands', 0, 0, 0, 0, 0, 0, 1990),
(533, 'Sweden', 'Scotland', 1, 0, 0, 2, 0, 0, 1990),
(534, 'Austria', 'Czechoslovakia', 0, 0, 0, 1, 0, 0, 1990),
(535, 'West Germany', 'United Arab Emirates', 5, 0, 0, 1, 0, 0, 1990),
(536, 'Yugoslavia', 'Colombia', 1, 0, 0, 0, 0, 0, 1990),
(537, 'Cameroon', 'Romania', 2, 0, 0, 1, 0, 0, 1990),
(538, 'Italy', 'United States', 1, 0, 0, 0, 0, 0, 1990),
(539, 'Uruguay', 'Spain', 0, 0, 0, 0, 0, 0, 1990),
(540, 'Argentina', 'Soviet Union', 2, 0, 0, 0, 0, 0, 1990),
(541, 'Belgium', 'Korea Republic', 2, 0, 0, 0, 0, 0, 1990),
(542, 'Netherlands', 'Egypt', 1, 0, 0, 1, 0, 0, 1990),
(543, 'Costa Rica', 'Scotland', 1, 0, 0, 0, 0, 0, 1990),
(544, 'England', 'Republic of Ireland', 1, 0, 0, 1, 0, 0, 1990),
(545, 'United States', 'Czechoslovakia', 1, 0, 0, 5, 0, 0, 1990),
(546, 'West Germany', 'Yugoslavia', 4, 0, 0, 1, 0, 0, 1990),
(547, 'Brazil', 'Sweden', 2, 0, 0, 1, 0, 0, 1990),
(548, 'United Arab Emirates', 'Colombia', 0, 0, 0, 2, 0, 0, 1990),
(549, 'Soviet Union', 'Romania', 0, 0, 0, 2, 0, 0, 1990),
(550, 'Italy', 'Austria', 1, 0, 0, 0, 0, 0, 1990),
(551, 'Argentina', 'Cameroon', 0, 0, 0, 1, 0, 0, 1990),
(552, 'Argentina', 'West Germany', 3, 0, 0, 2, 0, 0, 1986),
(553, 'France', 'Belgium', 4, 0, 0, 2, 0, 0, 1986),
(554, 'France', 'West Germany', 0, 0, 0, 2, 0, 0, 1986),
(555, 'Argentina', 'Belgium', 2, 0, 0, 0, 0, 0, 1986),
(556, 'Argentina', 'England', 2, 0, 0, 1, 0, 0, 1986),
(557, 'Spain', 'Belgium', 1, 0, 4, 1, 0, 5, 1986),
(558, 'Brazil', 'France', 1, 0, 3, 1, 0, 4, 1986),
(559, 'West Germany', 'Mexico', 0, 0, 4, 0, 0, 1, 1986),
(560, 'England', 'Paraguay', 3, 0, 0, 0, 0, 0, 1986),
(561, 'Denmark', 'Spain', 1, 0, 0, 5, 0, 0, 1986),
(562, 'Italy', 'France', 0, 0, 0, 2, 0, 0, 1986),
(563, 'Morocco', 'West Germany', 0, 0, 0, 1, 0, 0, 1986),
(564, 'Brazil', 'Poland', 4, 0, 0, 0, 0, 0, 1986),
(565, 'Argentina', 'Uruguay', 1, 0, 0, 0, 0, 0, 1986),
(566, 'Mexico', 'Bulgaria', 2, 0, 0, 0, 0, 0, 1986),
(567, 'Soviet Union', 'Belgium', 3, 0, 0, 4, 0, 0, 1986),
(568, 'Scotland', 'Uruguay', 0, 0, 0, 0, 0, 0, 1986),
(569, 'Denmark', 'West Germany', 2, 0, 0, 0, 0, 0, 1986),
(570, 'Algeria', 'Spain', 0, 0, 0, 3, 0, 0, 1986),
(571, 'Northern Ireland', 'Brazil', 0, 0, 0, 3, 0, 0, 1986),
(572, 'Paraguay', 'Belgium', 2, 0, 0, 2, 0, 0, 1986),
(573, 'Iraq', 'Mexico', 0, 0, 0, 1, 0, 0, 1986),
(574, 'England', 'Poland', 3, 0, 0, 0, 0, 0, 1986),
(575, 'Portugal', 'Morocco', 1, 0, 0, 3, 0, 0, 1986),
(576, 'Argentina', 'Bulgaria', 2, 0, 0, 0, 0, 0, 1986),
(577, 'Korea Republic', 'Italy', 2, 0, 0, 3, 0, 0, 1986),
(578, 'Soviet Union', 'Canada', 2, 0, 0, 0, 0, 0, 1986),
(579, 'Hungary', 'France', 0, 0, 0, 3, 0, 0, 1986),
(580, 'West Germany', 'Scotland', 2, 0, 0, 1, 0, 0, 1986),
(581, 'Iraq', 'Belgium', 1, 0, 0, 2, 0, 0, 1986),
(582, 'Denmark', 'Uruguay', 6, 0, 0, 1, 0, 0, 1986),
(583, 'Mexico', 'Paraguay', 1, 0, 0, 1, 0, 0, 1986),
(584, 'Northern Ireland', 'Spain', 1, 0, 0, 2, 0, 0, 1986),
(585, 'Poland', 'Portugal', 1, 0, 0, 0, 0, 0, 1986),
(586, 'Brazil', 'Algeria', 1, 0, 0, 0, 0, 0, 1986),
(587, 'Hungary', 'Canada', 2, 0, 0, 0, 0, 0, 1986),
(588, 'England', 'Morocco', 0, 0, 0, 0, 0, 0, 1986),
(589, 'Italy', 'Argentina', 1, 0, 0, 1, 0, 0, 1986),
(590, 'France', 'Soviet Union', 1, 0, 0, 1, 0, 0, 1986),
(591, 'Korea Republic', 'Bulgaria', 1, 0, 0, 1, 0, 0, 1986),
(592, 'Paraguay', 'Iraq', 1, 0, 0, 0, 0, 0, 1986),
(593, 'Uruguay', 'West Germany', 1, 0, 0, 1, 0, 0, 1986),
(594, 'Scotland', 'Denmark', 0, 0, 0, 1, 0, 0, 1986),
(595, 'Belgium', 'Mexico', 1, 0, 0, 2, 0, 0, 1986),
(596, 'Algeria', 'Northern Ireland', 1, 0, 0, 1, 0, 0, 1986),
(597, 'Portugal', 'England', 1, 0, 0, 0, 0, 0, 1986),
(598, 'Soviet Union', 'Hungary', 6, 0, 0, 0, 0, 0, 1986),
(599, 'Argentina', 'Korea Republic', 3, 0, 0, 1, 0, 0, 1986),
(600, 'Morocco', 'Poland', 0, 0, 0, 0, 0, 0, 1986),
(601, 'Spain', 'Brazil', 0, 0, 0, 1, 0, 0, 1986),
(602, 'Canada', 'France', 0, 0, 0, 1, 0, 0, 1986),
(603, 'Bulgaria', 'Italy', 1, 0, 0, 1, 0, 0, 1986),
(604, 'Italy', 'West Germany', 3, 0, 0, 1, 0, 0, 1982),
(605, 'Poland', 'France', 3, 0, 0, 2, 0, 0, 1982),
(606, 'Poland', 'Italy', 0, 0, 0, 2, 0, 0, 1982),
(607, 'West Germany', 'France', 3, 0, 5, 3, 0, 4, 1982),
(608, 'Italy', 'Brazil', 3, 0, 0, 2, 0, 0, 1982),
(609, 'Spain', 'England', 0, 0, 0, 0, 0, 0, 1982),
(610, 'France', 'Northern Ireland', 4, 0, 0, 1, 0, 0, 1982),
(611, 'Poland', 'Soviet Union', 0, 0, 0, 0, 0, 0, 1982),
(612, 'Argentina', 'Brazil', 1, 0, 0, 3, 0, 0, 1982),
(613, 'West Germany', 'Spain', 2, 0, 0, 1, 0, 0, 1982),
(614, 'Austria', 'Northern Ireland', 2, 0, 0, 2, 0, 0, 1982),
(615, 'Belgium', 'Soviet Union', 0, 0, 0, 1, 0, 0, 1982),
(616, 'Italy', 'Argentina', 2, 0, 0, 1, 0, 0, 1982),
(617, 'West Germany', 'England', 0, 0, 0, 0, 0, 0, 1982),
(618, 'Austria', 'France', 0, 0, 0, 1, 0, 0, 1982),
(619, 'Poland', 'Belgium', 3, 0, 0, 0, 0, 0, 1982),
(620, 'England', 'Kuwait', 1, 0, 0, 0, 0, 0, 1982),
(621, 'West Germany', 'Austria', 1, 0, 0, 0, 0, 0, 1982),
(622, 'Northern Ireland', 'Spain', 1, 0, 0, 0, 0, 0, 1982),
(623, 'France', 'Czechoslovakia', 1, 0, 0, 1, 0, 0, 1982),
(624, 'Algeria', 'Chile', 3, 0, 0, 2, 0, 0, 1982),
(625, 'Honduras', 'Yugoslavia', 0, 0, 0, 1, 0, 0, 1982),
(626, 'Italy', 'Cameroon', 1, 0, 0, 1, 0, 0, 1982),
(627, 'Argentina', 'El Salvador', 2, 0, 0, 0, 0, 0, 1982),
(628, 'Brazil', 'New Zealand', 4, 0, 0, 0, 0, 0, 1982),
(629, 'Poland', 'Peru', 5, 0, 0, 1, 0, 0, 1982),
(630, 'Belgium', 'Hungary', 1, 0, 0, 1, 0, 0, 1982),
(631, 'Soviet Union', 'Scotland', 2, 0, 0, 2, 0, 0, 1982),
(632, 'Algeria', 'Austria', 0, 0, 0, 2, 0, 0, 1982),
(633, 'France', 'Kuwait', 4, 0, 0, 1, 0, 0, 1982),
(634, 'Honduras', 'Northern Ireland', 1, 0, 0, 1, 0, 0, 1982),
(635, 'West Germany', 'Chile', 4, 0, 0, 1, 0, 0, 1982),
(636, 'England', 'Czechoslovakia', 2, 0, 0, 0, 0, 0, 1982),
(637, 'Spain', 'Yugoslavia', 2, 0, 0, 1, 0, 0, 1982),
(638, 'Poland', 'Cameroon', 0, 0, 0, 0, 0, 0, 1982),
(639, 'Soviet Union', 'New Zealand', 3, 0, 0, 0, 0, 0, 1982),
(640, 'Belgium', 'El Salvador', 1, 0, 0, 0, 0, 0, 1982),
(641, 'Italy', 'Peru', 1, 0, 0, 1, 0, 0, 1982),
(642, 'Brazil', 'Scotland', 4, 0, 0, 1, 0, 0, 1982),
(643, 'Argentina', 'Hungary', 4, 0, 0, 1, 0, 0, 1982),
(644, 'Chile', 'Austria', 0, 0, 0, 1, 0, 0, 1982),
(645, 'Czechoslovakia', 'Kuwait', 1, 0, 0, 1, 0, 0, 1982),
(646, 'Yugoslavia', 'Northern Ireland', 0, 0, 0, 0, 0, 0, 1982),
(647, 'England', 'France', 3, 0, 0, 1, 0, 0, 1982),
(648, 'West Germany', 'Algeria', 1, 0, 0, 2, 0, 0, 1982),
(649, 'Spain', 'Honduras', 1, 0, 0, 1, 0, 0, 1982),
(650, 'Peru', 'Cameroon', 0, 0, 0, 0, 0, 0, 1982),
(651, 'Hungary', 'El Salvador', 10, 0, 0, 1, 0, 0, 1982),
(652, 'Scotland', 'New Zealand', 5, 0, 0, 2, 0, 0, 1982),
(653, 'Italy', 'Poland', 0, 0, 0, 0, 0, 0, 1982),
(654, 'Brazil', 'Soviet Union', 2, 0, 0, 1, 0, 0, 1982),
(655, 'Argentina', 'Belgium', 0, 0, 0, 1, 0, 0, 1982),
(656, 'Argentina', 'Netherlands', 3, 0, 0, 1, 0, 0, 1978),
(657, 'Brazil', 'Italy', 2, 0, 0, 1, 0, 0, 1978),
(658, 'Netherlands', 'Italy', 2, 0, 0, 1, 0, 0, 1978),
(659, 'Austria', 'West Germany', 3, 0, 0, 2, 0, 0, 1978),
(660, 'Brazil', 'Poland', 3, 0, 0, 1, 0, 0, 1978),
(661, 'Argentina', 'Peru', 6, 0, 0, 0, 0, 0, 1978),
(662, 'Poland', 'Peru', 1, 0, 0, 0, 0, 0, 1978),
(663, 'West Germany', 'Netherlands', 2, 0, 0, 2, 0, 0, 1978),
(664, 'Italy', 'Austria', 1, 0, 0, 0, 0, 0, 1978),
(665, 'Argentina', 'Brazil', 0, 0, 0, 0, 0, 0, 1978),
(666, 'Netherlands', 'Austria', 5, 0, 0, 1, 0, 0, 1978),
(667, 'West Germany', 'Italy', 0, 0, 0, 0, 0, 0, 1978),
(668, 'Brazil', 'Peru', 3, 0, 0, 0, 0, 0, 1978),
(669, 'Argentina', 'Poland', 2, 0, 0, 0, 0, 0, 1978),
(670, 'Brazil', 'Austria', 1, 0, 0, 0, 0, 0, 1978),
(671, 'Spain', 'Sweden', 1, 0, 0, 0, 0, 0, 1978),
(672, 'Peru', 'IR Iran', 4, 0, 0, 1, 0, 0, 1978),
(673, 'Scotland', 'Netherlands', 3, 0, 0, 2, 0, 0, 1978),
(674, 'France', 'Hungary', 3, 0, 0, 1, 0, 0, 1978),
(675, 'Poland', 'Mexico', 3, 0, 0, 1, 0, 0, 1978),
(676, 'West Germany', 'Tunisia', 0, 0, 0, 0, 0, 0, 1978),
(677, 'Italy', 'Argentina', 1, 0, 0, 0, 0, 0, 1978),
(678, 'Austria', 'Sweden', 1, 0, 0, 0, 0, 0, 1978),
(679, 'Brazil', 'Spain', 0, 0, 0, 0, 0, 0, 1978),
(680, 'Netherlands', 'Peru', 0, 0, 0, 0, 0, 0, 1978),
(681, 'Scotland', 'IR Iran', 1, 0, 0, 1, 0, 0, 1978),
(682, 'Italy', 'Hungary', 3, 0, 0, 1, 0, 0, 1978),
(683, 'West Germany', 'Mexico', 6, 0, 0, 0, 0, 0, 1978),
(684, 'Poland', 'Tunisia', 1, 0, 0, 0, 0, 0, 1978),
(685, 'Argentina', 'France', 2, 0, 0, 1, 0, 0, 1978),
(686, 'Sweden', 'Brazil', 1, 0, 0, 1, 0, 0, 1978),
(687, 'Austria', 'Spain', 2, 0, 0, 1, 0, 0, 1978),
(688, 'Peru', 'Scotland', 3, 0, 0, 1, 0, 0, 1978),
(689, 'Netherlands', 'IR Iran', 3, 0, 0, 0, 0, 0, 1978),
(690, 'Italy', 'France', 2, 0, 0, 1, 0, 0, 1978),
(691, 'Tunisia', 'Mexico', 3, 0, 0, 1, 0, 0, 1978),
(692, 'Argentina', 'Hungary', 2, 0, 0, 1, 0, 0, 1978),
(693, 'West Germany', 'Poland', 0, 0, 0, 0, 0, 0, 1978),
(694, 'Netherlands', 'West Germany', 1, 0, 0, 2, 0, 0, 1974),
(695, 'Brazil', 'Poland', 0, 0, 0, 1, 0, 0, 1974),
(696, 'Poland', 'West Germany', 0, 0, 0, 1, 0, 0, 1974),
(697, 'Netherlands', 'Brazil', 2, 0, 0, 0, 0, 0, 1974),
(698, 'Argentina', 'Germany DR', 1, 0, 0, 1, 0, 0, 1974),
(699, 'Sweden', 'Yugoslavia', 2, 0, 0, 1, 0, 0, 1974),
(700, 'Poland', 'Yugoslavia', 2, 0, 0, 1, 0, 0, 1974),
(701, 'Argentina', 'Brazil', 1, 0, 0, 2, 0, 0, 1974),
(702, 'Germany DR', 'Netherlands', 0, 0, 0, 2, 0, 0, 1974),
(703, 'West Germany', 'Sweden', 4, 0, 0, 2, 0, 0, 1974),
(704, 'Yugoslavia', 'West Germany', 0, 0, 0, 2, 0, 0, 1974),
(705, 'Brazil', 'Germany DR', 1, 0, 0, 0, 0, 0, 1974),
(706, 'Sweden', 'Poland', 0, 0, 0, 1, 0, 0, 1974),
(707, 'Netherlands', 'Argentina', 4, 0, 0, 0, 0, 0, 1974),
(708, 'Bulgaria', 'Netherlands', 1, 0, 0, 4, 0, 0, 1974),
(709, 'Poland', 'Italy', 2, 0, 0, 1, 0, 0, 1974),
(710, 'Sweden', 'Uruguay', 3, 0, 0, 0, 0, 0, 1974),
(711, 'Argentina', 'Haiti', 4, 0, 0, 1, 0, 0, 1974),
(712, 'Scotland', 'Yugoslavia', 1, 0, 0, 1, 0, 0, 1974),
(713, 'Australia', 'Chile', 0, 0, 0, 0, 0, 0, 1974),
(714, 'Zaire', 'Brazil', 0, 0, 0, 3, 0, 0, 1974),
(715, 'Germany DR', 'West Germany', 1, 0, 0, 0, 0, 0, 1974),
(716, 'Haiti', 'Poland', 0, 0, 0, 7, 0, 0, 1974),
(717, 'Bulgaria', 'Uruguay', 1, 0, 0, 1, 0, 0, 1974),
(718, 'Netherlands', 'Sweden', 0, 0, 0, 0, 0, 0, 1974),
(719, 'Argentina', 'Italy', 1, 0, 0, 1, 0, 0, 1974),
(720, 'Australia', 'West Germany', 0, 0, 0, 3, 0, 0, 1974),
(721, 'Yugoslavia', 'Zaire', 9, 0, 0, 0, 0, 0, 1974),
(722, 'Chile', 'Germany DR', 1, 0, 0, 1, 0, 0, 1974),
(723, 'Scotland', 'Brazil', 0, 0, 0, 0, 0, 0, 1974),
(724, 'Uruguay', 'Netherlands', 0, 0, 0, 2, 0, 0, 1974),
(725, 'Sweden', 'Bulgaria', 0, 0, 0, 0, 0, 0, 1974),
(726, 'Italy', 'Haiti', 3, 0, 0, 1, 0, 0, 1974),
(727, 'Poland', 'Argentina', 3, 0, 0, 2, 0, 0, 1974),
(728, 'West Germany', 'Chile', 1, 0, 0, 0, 0, 0, 1974),
(729, 'Germany DR', 'Australia', 2, 0, 0, 0, 0, 0, 1974),
(730, 'Zaire', 'Scotland', 0, 0, 0, 2, 0, 0, 1974),
(731, 'Brazil', 'Yugoslavia', 0, 0, 0, 0, 0, 0, 1974),
(732, 'Brazil', 'Italy', 4, 0, 0, 1, 0, 0, 1970),
(733, 'West Germany', 'Uruguay', 1, 0, 0, 0, 0, 0, 1970),
(734, 'Italy', 'West Germany', 4, 0, 0, 3, 0, 0, 1970),
(735, 'Brazil', 'Uruguay', 3, 0, 0, 1, 0, 0, 1970),
(736, 'Brazil', 'Peru', 4, 0, 0, 2, 0, 0, 1970),
(737, 'Italy', 'Mexico', 4, 0, 0, 1, 0, 0, 1970),
(738, 'Uruguay', 'Soviet Union', 1, 0, 0, 0, 0, 0, 1970),
(739, 'West Germany', 'England', 3, 0, 0, 2, 0, 0, 1970),
(740, 'Mexico', 'Belgium', 1, 0, 0, 0, 0, 0, 1970),
(741, 'Italy', 'Israel', 0, 0, 0, 0, 0, 0, 1970),
(742, 'Bulgaria', 'Morocco', 1, 0, 0, 1, 0, 0, 1970),
(743, 'England', 'Czechoslovakia', 1, 0, 0, 0, 0, 0, 1970),
(744, 'West Germany', 'Peru', 3, 0, 0, 1, 0, 0, 1970),
(745, 'Brazil', 'Romania', 3, 0, 0, 2, 0, 0, 1970),
(746, 'Sweden', 'Uruguay', 1, 0, 0, 0, 0, 0, 1970),
(747, 'Soviet Union', 'El Salvador', 2, 0, 0, 0, 0, 0, 1970),
(748, 'Mexico', 'El Salvador', 4, 0, 0, 0, 0, 0, 1970),
(749, 'Brazil', 'England', 1, 0, 0, 0, 0, 0, 1970),
(750, 'West Germany', 'Bulgaria', 5, 0, 0, 2, 0, 0, 1970),
(751, 'Sweden', 'Israel', 1, 0, 0, 1, 0, 0, 1970),
(752, 'Romania', 'Czechoslovakia', 2, 0, 0, 1, 0, 0, 1970),
(753, 'Uruguay', 'Italy', 0, 0, 0, 0, 0, 0, 1970),
(754, 'Soviet Union', 'Belgium', 4, 0, 0, 1, 0, 0, 1970),
(755, 'Peru', 'Morocco', 3, 0, 0, 0, 0, 0, 1970),
(756, 'Belgium', 'El Salvador', 3, 0, 0, 0, 0, 0, 1970),
(757, 'Brazil', 'Czechoslovakia', 4, 0, 0, 1, 0, 0, 1970),
(758, 'Italy', 'Sweden', 1, 0, 0, 0, 0, 0, 1970),
(759, 'West Germany', 'Morocco', 2, 0, 0, 1, 0, 0, 1970),
(760, 'England', 'Romania', 1, 0, 0, 0, 0, 0, 1970),
(761, 'Peru', 'Bulgaria', 3, 0, 0, 2, 0, 0, 1970),
(762, 'Uruguay', 'Israel', 2, 0, 0, 0, 0, 0, 1970),
(763, 'Mexico', 'Soviet Union', 0, 0, 0, 0, 0, 0, 1970),
(764, 'England', 'West Germany', 4, 0, 0, 2, 0, 0, 1966),
(765, 'Portugal', 'Soviet Union', 2, 0, 0, 1, 0, 0, 1966),
(766, 'England', 'Portugal', 2, 0, 0, 1, 0, 0, 1966),
(767, 'West Germany', 'Soviet Union', 2, 0, 0, 1, 0, 0, 1966),
(768, 'Portugal', 'Korea DPR', 5, 0, 0, 3, 0, 0, 1966),
(769, 'England', 'Argentina', 1, 0, 0, 0, 0, 0, 1966),
(770, 'Soviet Union', 'Hungary', 2, 0, 0, 1, 0, 0, 1966),
(771, 'West Germany', 'Uruguay', 4, 0, 0, 0, 0, 0, 1966),
(772, 'England', 'France', 2, 0, 0, 0, 0, 0, 1966),
(773, 'Hungary', 'Bulgaria', 3, 0, 0, 1, 0, 0, 1966),
(774, 'West Germany', 'Spain', 2, 0, 0, 1, 0, 0, 1966),
(775, 'Soviet Union', 'Chile', 2, 0, 0, 1, 0, 0, 1966),
(776, 'Uruguay', 'Mexico', 0, 0, 0, 0, 0, 0, 1966),
(777, 'Argentina', 'Switzerland', 2, 0, 0, 0, 0, 0, 1966),
(778, 'Portugal', 'Brazil', 3, 0, 0, 1, 0, 0, 1966),
(779, 'Korea DPR', 'Italy', 1, 0, 0, 0, 0, 0, 1966),
(780, 'West Germany', 'Argentina', 0, 0, 0, 0, 0, 0, 1966),
(781, 'Soviet Union', 'Italy', 1, 0, 0, 0, 0, 0, 1966),
(782, 'Portugal', 'Bulgaria', 3, 0, 0, 0, 0, 0, 1966),
(783, 'England', 'Mexico', 2, 0, 0, 0, 0, 0, 1966),
(784, 'Spain', 'Switzerland', 2, 0, 0, 1, 0, 0, 1966),
(785, 'Uruguay', 'France', 2, 0, 0, 1, 0, 0, 1966),
(786, 'Hungary', 'Brazil', 3, 0, 0, 1, 0, 0, 1966),
(787, 'Korea DPR', 'Chile', 1, 0, 0, 1, 0, 0, 1966),
(788, 'Argentina', 'Spain', 2, 0, 0, 1, 0, 0, 1966),
(789, 'France', 'Mexico', 1, 0, 0, 1, 0, 0, 1966),
(790, 'Italy', 'Chile', 2, 0, 0, 0, 0, 0, 1966),
(791, 'Portugal', 'Hungary', 3, 0, 0, 1, 0, 0, 1966),
(792, 'Brazil', 'Bulgaria', 2, 0, 0, 0, 0, 0, 1966),
(793, 'Soviet Union', 'Korea DPR', 3, 0, 0, 0, 0, 0, 1966),
(794, 'West Germany', 'Switzerland', 5, 0, 0, 0, 0, 0, 1966),
(795, 'England', 'Uruguay', 0, 0, 0, 0, 0, 0, 1966),
(796, 'Brazil', 'Czechoslovakia', 3, 0, 0, 1, 0, 0, 1962),
(797, 'Chile', 'Yugoslavia', 1, 0, 0, 0, 0, 0, 1962),
(798, 'Brazil', 'Chile', 4, 0, 0, 2, 0, 0, 1962),
(799, 'Czechoslovakia', 'Yugoslavia', 3, 0, 0, 1, 0, 0, 1962),
(800, 'Chile', 'Soviet Union', 2, 0, 0, 1, 0, 0, 1962),
(801, 'Brazil', 'England', 3, 0, 0, 1, 0, 0, 1962),
(802, 'Czechoslovakia', 'Hungary', 1, 0, 0, 0, 0, 0, 1962),
(803, 'Yugoslavia', 'West Germany', 1, 0, 0, 0, 0, 0, 1962),
(804, 'England', 'Bulgaria', 0, 0, 0, 0, 0, 0, 1962),
(805, 'Mexico', 'Czechoslovakia', 3, 0, 0, 1, 0, 0, 1962),
(806, 'Italy', 'Switzerland', 3, 0, 0, 0, 0, 0, 1962),
(807, 'Yugoslavia', 'Colombia', 5, 0, 0, 0, 0, 0, 1962),
(808, 'West Germany', 'Chile', 2, 0, 0, 0, 0, 0, 1962),
(809, 'Soviet Union', 'Uruguay', 2, 0, 0, 1, 0, 0, 1962),
(810, 'Hungary', 'Argentina', 0, 0, 0, 0, 0, 0, 1962),
(811, 'Brazil', 'Spain', 2, 0, 0, 1, 0, 0, 1962),
(812, 'Spain', 'Mexico', 1, 0, 0, 0, 0, 0, 1962),
(813, 'Soviet Union', 'Colombia', 4, 0, 0, 4, 0, 0, 1962),
(814, 'Hungary', 'Bulgaria', 6, 0, 0, 1, 0, 0, 1962),
(815, 'West Germany', 'Switzerland', 2, 0, 0, 1, 0, 0, 1962),
(816, 'Chile', 'Italy', 2, 0, 0, 0, 0, 0, 1962),
(817, 'Brazil', 'Czechoslovakia', 0, 0, 0, 0, 0, 0, 1962),
(818, 'England', 'Argentina', 3, 0, 0, 1, 0, 0, 1962),
(819, 'Yugoslavia', 'Uruguay', 3, 0, 0, 1, 0, 0, 1962),
(820, 'West Germany', 'Italy', 0, 0, 0, 0, 0, 0, 1962),
(821, 'Hungary', 'England', 2, 0, 0, 1, 0, 0, 1962),
(822, 'Czechoslovakia', 'Spain', 1, 0, 0, 0, 0, 0, 1962),
(823, 'Soviet Union', 'Yugoslavia', 2, 0, 0, 0, 0, 0, 1962),
(824, 'Chile', 'Switzerland', 3, 0, 0, 1, 0, 0, 1962),
(825, 'Uruguay', 'Colombia', 2, 0, 0, 1, 0, 0, 1962),
(826, 'Brazil', 'Mexico', 2, 0, 0, 0, 0, 0, 1962),
(827, 'Argentina', 'Bulgaria', 1, 0, 0, 0, 0, 0, 1962),
(828, 'Brazil', 'Sweden', 5, 0, 0, 2, 0, 0, 1958),
(829, 'France', 'West Germany', 6, 0, 0, 3, 0, 0, 1958),
(830, 'Sweden', 'West Germany', 3, 0, 0, 1, 0, 0, 1958),
(831, 'Brazil', 'France', 5, 0, 0, 2, 0, 0, 1958),
(832, 'France', 'Northern Ireland', 4, 0, 0, 0, 0, 0, 1958),
(833, 'West Germany', 'Yugoslavia', 1, 0, 0, 0, 0, 0, 1958),
(834, 'Brazil', 'Wales', 1, 0, 0, 0, 0, 0, 1958),
(835, 'Sweden', 'Soviet Union', 2, 0, 0, 0, 0, 0, 1958),
(836, 'Northern Ireland', 'Czechoslovakia', 2, 0, 0, 1, 0, 0, 1958),
(837, 'Wales', 'Hungary', 2, 0, 0, 1, 0, 0, 1958),
(838, 'Soviet Union', 'England', 1, 0, 0, 0, 0, 0, 1958),
(839, 'Sweden', 'Wales', 0, 0, 0, 0, 0, 0, 1958),
(840, 'Paraguay', 'Yugoslavia', 3, 0, 0, 3, 0, 0, 1958),
(841, 'West Germany', 'Northern Ireland', 2, 0, 0, 2, 0, 0, 1958),
(842, 'Czechoslovakia', 'Argentina', 6, 0, 0, 1, 0, 0, 1958),
(843, 'England', 'Austria', 2, 0, 0, 2, 0, 0, 1958),
(844, 'Brazil', 'Soviet Union', 2, 0, 0, 0, 0, 0, 1958),
(845, 'Hungary', 'Mexico', 4, 0, 0, 0, 0, 0, 1958),
(846, 'France', 'Scotland', 2, 0, 0, 1, 0, 0, 1958),
(847, 'Sweden', 'Hungary', 2, 0, 0, 1, 0, 0, 1958),
(848, 'Soviet Union', 'Austria', 2, 0, 0, 0, 0, 0, 1958),
(849, 'West Germany', 'Czechoslovakia', 2, 0, 0, 2, 0, 0, 1958),
(850, 'Argentina', 'Northern Ireland', 3, 0, 0, 1, 0, 0, 1958),
(851, 'Yugoslavia', 'France', 3, 0, 0, 2, 0, 0, 1958),
(852, 'Paraguay', 'Scotland', 3, 0, 0, 2, 0, 0, 1958),
(853, 'Brazil', 'England', 0, 0, 0, 0, 0, 0, 1958),
(854, 'Mexico', 'Wales', 1, 0, 0, 1, 0, 0, 1958),
(855, 'Sweden', 'Mexico', 3, 0, 0, 0, 0, 0, 1958),
(856, 'Northern Ireland', 'Czechoslovakia', 1, 0, 0, 0, 0, 0, 1958),
(857, 'Hungary', 'Wales', 1, 0, 0, 1, 0, 0, 1958),
(858, 'Yugoslavia', 'Scotland', 1, 0, 0, 1, 0, 0, 1958),
(859, 'Brazil', 'Austria', 3, 0, 0, 0, 0, 0, 1958),
(860, 'Soviet Union', 'England', 2, 0, 0, 2, 0, 0, 1958),
(861, 'France', 'Paraguay', 7, 0, 0, 3, 0, 0, 1958),
(862, 'Argentina', 'West Germany', 1, 0, 0, 3, 0, 0, 1958),
(863, 'Germany', 'Hungary', 3, 0, 0, 2, 0, 0, 1954),
(864, 'Austria', 'Uruguay', 3, 0, 0, 1, 0, 0, 1954),
(865, 'Hungary', 'Uruguay', 4, 0, 0, 2, 0, 0, 1954),
(866, 'Germany', 'Austria', 6, 0, 0, 1, 0, 0, 1954),
(867, 'Germany', 'Yugoslavia', 2, 0, 0, 0, 0, 0, 1954),
(868, 'Hungary', 'Brazil', 4, 0, 0, 2, 0, 0, 1954),
(869, 'Uruguay', 'England', 4, 0, 0, 2, 0, 0, 1954),
(870, 'Switzerland', 'Austria', 5, 0, 0, 7, 0, 0, 1954),
(871, 'Germany', 'Türkiye', 7, 0, 0, 2, 0, 0, 1954),
(872, 'Switzerland', 'Italy', 4, 0, 0, 1, 0, 0, 1954),
(873, 'Hungary', 'Germany', 8, 0, 0, 3, 0, 0, 1954),
(874, 'Türkiye', 'Korea Republic', 7, 0, 0, 0, 0, 0, 1954),
(875, 'Italy', 'Belgium', 4, 0, 0, 1, 0, 0, 1954),
(876, 'Switzerland', 'England', 0, 0, 0, 2, 0, 0, 1954),
(877, 'Uruguay', 'Scotland', 7, 0, 0, 0, 0, 0, 1954),
(878, 'Brazil', 'Yugoslavia', 1, 0, 0, 1, 0, 0, 1954),
(879, 'Austria', 'Czechoslovakia', 5, 0, 0, 0, 0, 0, 1954),
(880, 'France', 'Mexico', 3, 0, 0, 2, 0, 0, 1954),
(881, 'Switzerland', 'Italy', 2, 0, 0, 1, 0, 0, 1954),
(882, 'Hungary', 'Korea Republic', 9, 0, 0, 0, 0, 0, 1954),
(883, 'Germany', 'Türkiye', 4, 0, 0, 1, 0, 0, 1954),
(884, 'England', 'Belgium', 4, 0, 0, 4, 0, 0, 1954),
(885, 'Uruguay', 'Czechoslovakia', 2, 0, 0, 0, 0, 0, 1954),
(886, 'Yugoslavia', 'France', 1, 0, 0, 0, 0, 0, 1954),
(887, 'Brazil', 'Mexico', 5, 0, 0, 0, 0, 0, 1954),
(888, 'Austria', 'Scotland', 1, 0, 0, 0, 0, 0, 1954),
(889, 'Sweden', 'Spain', 3, 0, 0, 1, 0, 0, 1950);

-- --------------------------------------------------------

--
-- Table structure for table `teams_ranking`
--

DROP TABLE IF EXISTS `teams_ranking`;
CREATE TABLE IF NOT EXISTS `teams_ranking` (
  `team_code` char(20) NOT NULL,
  `team` varchar(150) NOT NULL,
  `association` varchar(150) DEFAULT NULL,
  `team_rank` int DEFAULT NULL,
  `previous_rank` int DEFAULT NULL,
  `points` int DEFAULT NULL,
  `previous_points` int DEFAULT NULL,
  PRIMARY KEY (`team_code`)
) ENGINE=MyISAM DEFAULT CHARSET=utf8mb4 COLLATE=utf8mb4_0900_ai_ci;

--
-- Dumping data for table `teams_ranking`
--

INSERT INTO `teams_ranking` (`team_code`, `team`, `association`, `team_rank`, `previous_rank`, `points`, `previous_points`) VALUES
('team', 'team_code', 'association', 0, 0, 0, 0),
('Brazil', 'BRA', 'CONMEBOL', 1, 1, 1841, 1838),
('Belgium', 'BEL', 'UEFA', 2, 2, 1817, 1822),
('Argentina', 'ARG', 'CONMEBOL', 3, 3, 1774, 1771),
('France', 'FRA', 'UEFA', 4, 4, 1760, 1765),
('England', 'ENG', 'UEFA', 5, 5, 1728, 1737),
('Italy', 'ITA', 'UEFA', 6, 7, 1726, 1714),
('Spain', 'ESP', 'UEFA', 7, 6, 1715, 1717),
('Netherlands', 'NED', 'UEFA', 8, 8, 1695, 1679),
('Portugal', 'POR', 'UEFA', 9, 9, 1677, 1679),
('Denmark', 'DEN', 'UEFA', 10, 10, 1667, 1665),
('Germany', 'GER', 'UEFA', 11, 11, 1650, 1659),
('Croatia', 'CRO', 'UEFA', 12, 15, 1646, 1632),
('Mexico', 'MEX', 'CONCACAF', 13, 12, 1645, 1650),
('Uruguay', 'URU', 'CONMEBOL', 14, 13, 1639, 1641),
('Switzerland', 'SUI', 'UEFA', 15, 16, 1636, 1621),
('USA', 'USA', 'CONCACAF', 16, 14, 1627, 1635),
('Colombia', 'COL', 'CONMEBOL', 17, 17, 1611, 1604),
('Senegal', 'SEN', 'CAF', 18, 18, 1584, 1585),
('Wales', 'WAL', 'UEFA', 19, 19, 1570, 1582),
('IR Iran', 'IRN', 'AFC', 20, 22, 1565, 1559),
('Serbia', 'SRB', 'UEFA', 21, 25, 1564, 1550),
('Morocco', 'MAR', 'CAF', 22, 23, 1564, 1558),
('Peru', 'PER', 'CONMEBOL', 23, 21, 1561, 1562),
('Japan', 'JPN', 'AFC', 24, 24, 1560, 1555),
('Sweden', 'SWE', 'UEFA', 25, 20, 1553, 1563),
('Poland', 'POL', 'UEFA', 26, 26, 1549, 1546),
('Ukraine', 'UKR', 'UEFA', 27, 27, 1537, 1543),
('Korea Republic', 'KOR', 'AFC', 28, 28, 1530, 1526),
('Chile', 'CHI', 'CONMEBOL', 29, 29, 1510, 1515),
('Tunisia', 'TUN', 'CAF', 30, 30, 1508, 1508),
('Costa Rica', 'CRC', 'CONCACAF', 31, 34, 1504, 1500),
('Nigeria', 'NGA', 'CAF', 32, 31, 1498, 1505),
('Russia', 'RUS', 'UEFA', 33, 35, 1496, 1493),
('Austria', 'AUT', 'UEFA', 34, 33, 1493, 1502),
('Czechia', 'CZE', 'UEFA', 35, 32, 1492, 1503),
('Hungary', 'HUN', 'UEFA', 36, 37, 1492, 1487),
('Algeria', 'ALG', 'CAF', 37, 41, 1489, 1481),
('Australia', 'AUS', 'AFC', 38, 39, 1489, 1484),
('Egypt', 'EGY', 'CAF', 39, 40, 1486, 1483),
('Scotland', 'SCO', 'UEFA', 40, 45, 1480, 1463),
('Canada', 'CAN', 'CONCACAF', 41, 43, 1475, 1474),
('Norway', 'NOR', 'UEFA', 42, 36, 1473, 1489),
('Cameroon', 'CMR', 'CAF', 43, 38, 1471, 1485),
('Ecuador', 'ECU', 'CONMEBOL', 44, 44, 1464, 1464),
('Türkiye', 'TUR', 'UEFA', 45, 42, 1460, 1475),
('Mali', 'MLI', 'CAF', 46, 46, 1449, 1443),
('Paraguay', 'PAR', 'CONMEBOL', 47, 50, 1449, 1440),
('Côte d\'Ivoire', 'CIV', 'CAF', 48, 52, 1443, 1436),
('Republic of Ireland', 'IRL', 'UEFA', 49, 47, 1440, 1442),
('Qatar', 'QAT', 'AFC', 50, 48, 1440, 1442),
('Saudi Arabia', 'KSA', 'AFC', 51, 53, 1438, 1436),
('Greece', 'GRE', 'UEFA', 52, 49, 1438, 1441),
('Romania', 'ROU', 'UEFA', 53, 54, 1435, 1428),
('Burkina Faso', 'BFA', 'CAF', 54, 55, 1432, 1426),
('Slovakia', 'SVK', 'UEFA', 55, 51, 1426, 1440),
('Finland', 'FIN', 'UEFA', 56, 59, 1406, 1398),
('Venezuela', 'VEN', 'CONMEBOL', 57, 56, 1404, 1405),
('Bosnia and Herzegovi', 'BIH', 'UEFA', 58, 57, 1404, 1404),
('Northern Ireland', 'NIR', 'UEFA', 59, 58, 1397, 1399),
('Panama', 'PAN', 'CONCACAF', 60, 61, 1393, 1389),
('Ghana', 'GHA', 'CAF', 61, 60, 1393, 1393),
('Iceland', 'ISL', 'UEFA', 62, 63, 1384, 1380),
('Slovenia', 'SVN', 'UEFA', 63, 65, 1384, 1372),
('Jamaica', 'JAM', 'CONCACAF', 64, 62, 1379, 1382),
('North Macedonia', 'MKD', 'UEFA', 65, 64, 1359, 1375),
('Albania', 'ALB', 'UEFA', 66, 66, 1354, 1362),
('South Africa', 'RSA', 'CAF', 67, 68, 1350, 1351),
('Iraq', 'IRQ', 'AFC', 68, 70, 1343, 1339),
('Montenegro', 'MNE', 'UEFA', 69, 67, 1341, 1355),
('United Arab Emirates', 'UAE', 'AFC', 70, 69, 1338, 1346),
('Cabo Verde', 'CPV', 'CAF', 71, 73, 1336, 1331),
('Bulgaria', 'BUL', 'UEFA', 72, 74, 1335, 1325),
('Congo DR', 'COD', 'CAF', 73, 72, 1334, 1333),
('El Salvador', 'SLV', 'CONCACAF', 74, 71, 1331, 1333),
('Oman', 'OMA', 'AFC', 75, 75, 1320, 1323),
('Israel', 'ISR', 'UEFA', 76, 76, 1317, 1316),
('Uzbekistan', 'UZB', 'AFC', 77, 77, 1310, 1307),
('Georgia', 'GEO', 'UEFA', 78, 82, 1307, 1296),
('China PR', 'CHN', 'AFC', 79, 78, 1305, 1305),
('Honduras', 'HON', 'CONCACAF', 80, 80, 1302, 1300),
('Gabon', 'GAB', 'CAF', 81, 79, 1302, 1302),
('Bolivia', 'BOL', 'CONMEBOL', 82, 81, 1296, 1299),
('Guinea', 'GUI', 'CAF', 83, 83, 1290, 1295),
('Jordan', 'JOR', 'AFC', 84, 86, 1290, 1280),
('Bahrain', 'BHR', 'AFC', 85, 85, 1281, 1289),
('Curaçao', 'CUW', 'CONCACAF', 86, 84, 1279, 1293),
('Haiti', 'HAI', 'CONCACAF', 87, 88, 1269, 1269),
('Zambia', 'ZAM', 'CAF', 88, 87, 1267, 1271),
('Uganda', 'UGA', 'CAF', 89, 90, 1261, 1265),
('Syria', 'SYR', 'AFC', 90, 89, 1256, 1265),
('Benin', 'BEN', 'CAF', 91, 91, 1247, 1259),
('Luxembourg', 'LUX', 'UEFA', 92, 93, 1244, 1235),
('Armenia', 'ARM', 'UEFA', 93, 92, 1234, 1242),
('Palestine', 'PLE', 'AFC', 94, 94, 1234, 1234),
('Kyrgyz Republic', 'KGZ', 'AFC', 95, 95, 1230, 1233),
('Vietnam', 'VIE', 'AFC', 96, 97, 1227, 1219),
('Belarus', 'BLR', 'UEFA', 97, 96, 1221, 1227),
('Equatorial Guinea', 'EQG', 'CAF', 98, 98, 1216, 1215),
('Lebanon', 'LBN', 'AFC', 99, 100, 1212, 1212),
('Congo', 'CGO', 'CAF', 100, 99, 1209, 1215),
('Kenya', 'KEN', 'CAF', 101, 102, 1202, 1202),
('Madagascar', 'MAD', 'CAF', 102, 105, 1201, 1194),
('Mauritania', 'MTN', 'CAF', 103, 107, 1198, 1182),
('Trinidad and Tobago', 'TRI', 'CONCACAF', 104, 101, 1195, 1206),
('New Zealand', 'NZL', 'OFC', 105, 103, 1194, 1199),
('India', 'IND', 'AFC', 106, 104, 1192, 1199),
('Kosovo', 'KOS', 'UEFA', 107, 106, 1187, 1184),
('Tajikistan', 'TJK', 'AFC', 108, 109, 1186, 1179),
('Estonia', 'EST', 'UEFA', 109, 110, 1185, 1177),
('Cyprus', 'CYP', 'UEFA', 110, 108, 1184, 1181),
('Thailand', 'THA', 'AFC', 111, 111, 1175, 1171),
('Korea DPR', 'PRK', 'AFC', 112, 112, 1170, 1170),
('Kazakhstan', 'KAZ', 'UEFA', 113, 114, 1167, 1166),
('Mozambique', 'MOZ', 'CAF', 114, 116, 1165, 1165),
('Namibia', 'NAM', 'CAF', 115, 117, 1164, 1164),
('Guinea-Bissau', 'GNB', 'CAF', 116, 115, 1161, 1166),
('Sierra Leone', 'SLE', 'CAF', 117, 113, 1160, 1170),
('Guatemala', 'GUA', 'CONCACAF', 118, 118, 1157, 1162),
('Angola', 'ANG', 'CAF', 119, 120, 1156, 1149),
('Libya', 'LBY', 'CAF', 120, 121, 1154, 1148),
('Niger', 'NIG', 'CAF', 121, 119, 1153, 1155),
('Faroe Islands', 'FRO', 'UEFA', 122, 125, 1147, 1136),
('Azerbaijan', 'AZE', 'UEFA', 123, 128, 1147, 1127),
('Malawi', 'MWI', 'CAF', 124, 122, 1145, 1145),
('Zimbabwe', 'ZIM', 'CAF', 125, 123, 1139, 1139),
('The Gambia', 'GAM', 'CAF', 126, 124, 1137, 1137),
('Togo', 'TOG', 'CAF', 127, 126, 1129, 1130),
('Sudan', 'SDN', 'CAF', 128, 130, 1127, 1125),
('Comoros', 'COM', 'CAF', 129, 127, 1123, 1127),
('Tanzania', 'TAN', 'CAF', 130, 131, 1120, 1122),
('Antigua and Barbuda', 'ATG', 'CONCACAF', 131, 132, 1117, 1117),
('Central African Repu', 'CTA', 'CAF', 132, 133, 1117, 1116),
('Philippines', 'PHI', 'AFC', 133, 134, 1115, 1115),
('Latvia', 'LVA', 'UEFA', 134, 129, 1114, 1125),
('Turkmenistan', 'TKM', 'AFC', 135, 135, 1100, 1100),
('Solomon Islands', 'SOL', 'OFC', 136, 137, 1096, 1093),
('Rwanda', 'RWA', 'CAF', 137, 136, 1094, 1095),
('Ethiopia', 'ETH', 'CAF', 138, 138, 1091, 1088),
('Suriname', 'SUR', 'CONCACAF', 139, 143, 1077, 1072),
('St Kitts and Nevis', 'SKN', 'CONCACAF', 140, 140, 1077, 1077),
('Burundi', 'BDI', 'CAF', 141, 141, 1076, 1076),
('Nicaragua', 'NCA', 'CONCACAF', 142, 139, 1072, 1079),
('Eswatini', 'SWZ', 'CAF', 143, 144, 1071, 1071),
('Lithuania', 'LTU', 'UEFA', 144, 142, 1070, 1074),
('Hong Kong', 'HKG', 'AFC', 145, 147, 1062, 1058),
('Malaysia', 'MAS', 'AFC', 146, 148, 1062, 1058),
('Lesotho', 'LES', 'CAF', 147, 145, 1061, 1061),
('Botswana', 'BOT', 'CAF', 148, 146, 1056, 1060),
('Kuwait', 'KUW', 'AFC', 149, 149, 1053, 1053),
('Liberia', 'LBR', 'CAF', 150, 150, 1050, 1051),
('Andorra', 'AND', 'UEFA', 151, 152, 1035, 1029),
('Indonesia', 'IDN', 'AFC', 152, 155, 1034, 1019),
('Dominican Republic', 'DOM', 'CONCACAF', 153, 151, 1032, 1032),
('Maldives', 'MDV', 'AFC', 154, 156, 1026, 1018),
('Yemen', 'YEM', 'AFC', 155, 153, 1024, 1024),
('Afghanistan', 'AFG', 'AFC', 156, 154, 1023, 1023),
('Chinese Taipei', 'TPE', 'AFC', 157, 157, 1018, 1018),
('Myanmar', 'MYA', 'AFC', 158, 158, 1008, 1012),
('Papua New Guinea', 'PNG', 'OFC', 159, 161, 1007, 998),
('Singapore', 'SGP', 'AFC', 160, 159, 1004, 1005),
('New Caledonia', 'NCL', 'OFC', 161, 160, 996, 1000),
('Tahiti', 'TAH', 'OFC', 162, 162, 995, 995),
('Fiji', 'FIJ', 'OFC', 163, 163, 989, 993),
('Vanuatu', 'VAN', 'OFC', 164, 164, 986, 991),
('South Sudan', 'SSD', 'CAF', 165, 165, 984, 984),
('Barbados', 'BRB', 'CONCACAF', 166, 166, 982, 982),
('Cuba', 'CUB', 'CONCACAF', 167, 167, 979, 979),
('Malta', 'MLT', 'UEFA', 168, 169, 978, 975),
('Bermuda', 'BER', 'CONCACAF', 169, 168, 977, 977),
('Puerto Rico', 'PUR', 'CONCACAF', 170, 170, 974, 974),
('Guyana', 'GUY', 'CONCACAF', 171, 172, 969, 969),
('St Lucia', 'LCA', 'CONCACAF', 172, 173, 966, 966),
('Grenada', 'GRN', 'CONCACAF', 173, 171, 964, 969),
('Moldova', 'MDA', 'UEFA', 174, 177, 961, 945),
('Nepal', 'NEP', 'AFC', 175, 176, 955, 950),
('Belize', 'BLZ', 'CONCACAF', 176, 175, 951, 951),
('Cambodia', 'CAM', 'AFC', 177, 174, 949, 954),
('St Vincent and the G', 'VIN', 'CONCACAF', 178, 179, 945, 940),
('Montserrat', 'MSR', 'CONCACAF', 179, 178, 941, 941),
('Mauritius', 'MRI', 'CAF', 180, 180, 932, 932),
('Chad', 'CHA', 'CAF', 181, 181, 930, 932),
('Macau', 'MAC', 'AFC', 182, 182, 922, 922),
('Mongolia', 'MNG', 'AFC', 183, 184, 914, 914),
('Dominica', 'DMA', 'CONCACAF', 184, 185, 912, 912),
('Bhutan', 'BHU', 'AFC', 185, 186, 911, 911),
('São Tomé and Príncip', 'STP', 'CAF', 186, 187, 908, 908),
('Laos', 'LAO', 'AFC', 187, 183, 906, 915),
('American Samoa', 'ASA', 'OFC', 188, 188, 900, 900),
('Cook Islands', 'COK', 'OFC', 189, 189, 899, 899),
('Brunei Darussalam', 'BRU', 'AFC', 190, 190, 898, 897),
('Samoa', 'SAM', 'OFC', 191, 191, 894, 894),
('Bangladesh', 'BAN', 'AFC', 192, 192, 884, 883),
('Djibouti', 'DJI', 'CAF', 193, 193, 875, 878),
('Pakistan', 'PAK', 'AFC', 194, 195, 867, 867),
('Cayman Islands', 'CAY', 'CONCACAF', 195, 196, 866, 866),
('Liechtenstein', 'LIE', 'UEFA', 196, 194, 862, 874),
('Tonga', 'TGA', 'OFC', 197, 197, 862, 862),
('Timor-Leste', 'TLS', 'AFC', 198, 199, 860, 860),
('Seychelles', 'SEY', 'CAF', 199, 198, 860, 860),
('Eritrea', 'ERI', 'CAF', 200, 201, 856, 856),
('Aruba', 'ARU', 'CONCACAF', 201, 202, 855, 855),
('Bahamas', 'BAH', 'CONCACAF', 202, 203, 855, 855),
('Somalia', 'SOM', 'CAF', 203, 204, 855, 855),
('Gibraltar', 'GIB', 'UEFA', 204, 200, 852, 857),
('Guam', 'GUM', 'AFC', 205, 205, 838, 838),
('Turks and Caicos Isl', 'TCA', 'CONCACAF', 206, 206, 832, 832),
('Sri Lanka', 'SRI', 'AFC', 207, 207, 825, 825),
('US Virgin Islands', 'VIR', 'CONCACAF', 208, 208, 824, 824),
('British Virgin Islan', 'VGB', 'CONCACAF', 209, 209, 809, 809),
('Anguilla', 'AIA', 'CONCACAF', 210, 210, 791, 791),
('San Marino', 'SMR', 'UEFA', 211, 211, 762, 764);

-- --------------------------------------------------------

--
-- Table structure for table `world_cup`
--

DROP TABLE IF EXISTS `world_cup`;
CREATE TABLE IF NOT EXISTS `world_cup` (
  `year` int NOT NULL,
  `host` varchar(150) DEFAULT NULL,
  `teams` int DEFAULT NULL,
  `champion` char(150) DEFAULT NULL,
  `runner_up` char(150) DEFAULT NULL,
  `top_scorer` char(150) DEFAULT NULL,
  `attendance` int DEFAULT NULL,
  `attendance_avg` int DEFAULT NULL,
  `matches` int DEFAULT NULL,
  PRIMARY KEY (`year`)
) ENGINE=MyISAM DEFAULT CHARSET=utf8mb4 COLLATE=utf8mb4_0900_ai_ci;

--
-- Dumping data for table `world_cup`
--

INSERT INTO `world_cup` (`year`, `host`, `teams`, `champion`, `runner_up`, `top_scorer`, `attendance`, `attendance_avg`, `matches`) VALUES
(2022, 'Qatar', 32, 'Argentina', 'France', 'Kylian Mbappé - 8', 3404252, 53191, 64),
(2018, 'Russia', 32, 'France', 'Croatia', 'Harry Kane - 6', 3031768, 47371, 64),
(2014, 'Brazil', 32, 'Germany', 'Argentina', 'James Rodríguez - 6', 3429873, 53592, 64),
(2010, 'South Africa', 32, 'Spain', 'Netherlands', 'Wesley Sneijder, Thomas Müller... - 5', 3178856, 49670, 64),
(2006, 'Germany', 32, 'Italy', 'France', 'Miroslav Klose - 5', 3352605, 52384, 64),
(2002, 'Korea Republic, Japan', 32, 'Brazil', 'Germany', 'Ronaldo - 8', 2705337, 42271, 64),
(1998, 'France', 32, 'France', 'Brazil', 'Davor Šuker - 6', 2903477, 45367, 64),
(1994, 'United States', 24, 'Brazil', 'Italy', 'Hristo Stoichkov, Oleg Salenko - 6', 3587538, 68991, 52),
(1990, 'Italy', 24, 'West Germany', 'Argentina', 'Salvatore Schillaci - 6', 2516215, 48389, 52),
(1986, 'Mexico', 24, 'Argentina', 'West Germany', 'Gary Lineker - 6', 2394031, 46039, 52),
(1982, 'Spain', 24, 'Italy', 'West Germany', 'Paolo Rossi - 6', 2109723, 40572, 52),
(1978, 'Argentina', 16, 'Argentina', 'Netherlands', 'Mario Kempes - 6', 1545791, 40679, 38),
(1974, 'Germany', 16, 'West Germany', 'Netherlands', 'Grzegorz Lato - 7', 1865753, 49099, 38),
(1970, 'Mexico', 16, 'Brazil', 'Italy', 'Gerd Müller - 10', 1603975, 50124, 32),
(1966, 'England', 16, 'England', 'West Germany', 'Eusébio - 9', 1563135, 48848, 32),
(1962, 'Chile', 16, 'Brazil', 'Czechoslovakia', 'Leonel Sánchez, Flórián Albert... - 4', 893172, 27912, 32),
(1958, 'Sweden', 16, 'Brazil', 'Sweden', 'Just Fontaine - 13', 819810, 23423, 35),
(1954, 'Switzerland', 16, 'Germany', 'Hungary', 'Sándor Kocsis - 11', 768607, 29562, 26),
(1950, 'Brazil', 15, 'Uruguay', 'Brazil', 'Ademir - 8', 1045246, 47511, 22),
(1938, 'France', 16, 'Italy', 'Hungary', 'Leônidas - 7', 375700, 20872, 18),
(1934, 'Italy', 16, 'Italy', 'Czechoslovakia', 'Oldřich Nejedlý - 5', 363000, 21353, 17),
(1930, 'Uruguay', 13, 'Uruguay', 'Argentina', 'Guillermo Stábile - 8', 590549, 32808, 18);
COMMIT;

/*!40101 SET CHARACTER_SET_CLIENT=@OLD_CHARACTER_SET_CLIENT */;
/*!40101 SET CHARACTER_SET_RESULTS=@OLD_CHARACTER_SET_RESULTS */;
/*!40101 SET COLLATION_CONNECTION=@OLD_COLLATION_CONNECTION */;
